user_id,transaction_amount,transaction_type,transaction_hour,day_of_week,amount_vs_user_avg,daily_transaction_count,daily_transaction_amount,identical_amount_count_24h,user_avg_transaction_amount,user_transaction_std,user_avg_daily_transactions,user_avg_transaction_hour,behavior_deviation_score,is_new_beneficiary,beneficiary_age_days,beneficiary_transaction_count_24h,beneficiary_unique_senders_24h,beneficiary_risk_score,is_new_device,device_account_count,device_fraud_history,device_change_recent,location_risk_score,distance_from_last_txn_km,is_new_location,impossible_travel_flag,transactions_last_1_min,transactions_last_5_min,transactions_last_1_hour,amount_last_5_min,amount_last_1_hour,beneficiaries_last_1_hour,amount_z_score,amount_percentile,moving_average_deviation,is_fraud
U10000,2034.36,P2M,2,Sunday,2.304,1,4077.18,1,883.02,624.63,2.28,20.86,100.0,0,979,14,3,11.18,0,1,0,0,30.38,29.7,0,0,0,0,3,7279.13,7476.82,2,1.84,84.13,1.302,0
U10001,530.19,P2P,18,Friday,0.177,3,1916.51,1,2993.53,1062.73,3.18,18.57,10.2,0,1481,12,7,35.24,0,1,0,0,19.29,29.96,0,0,2,0,3,2265.59,3370.55,5,-2.316,3.05,-0.823,0
U10002,3176.93,P2M,20,Tuesday,2.686,2,3706.43,1,1182.59,746.2,2.91,16.84,57.85,0,377,8,7,4.35,0,1,0,0,9.01,21.06,1,0,1,2,3,4667.58,8506.74,1,2.669,87.82,1.685,0
U10003,3842.14,P2M,22,Saturday,2.016,2,6310.53,1,1905.88,623.61,5.46,17.67,55.06,0,456,6,6,7.39,0,2,0,0,25.46,64.54,0,0,1,1,1,10819.03,18137.05,3,3.1,80.24,1.015,0
U10004,213.19,P2P,7,Tuesday,0.182,4,2658.05,0,1171.56,893.83,3.36,21.05,100.0,0,274,11,6,2.05,1,1,0,0,5.01,6.02,0,0,1,2,0,2175.47,3705.4,4,-1.071,3.23,-0.817,0
U10005,407.91,P2P,0,Wednesday,0.345,2,1775.38,0,1183.51,512.29,4.22,20.27,100.0,0,1423,10,4,3.47,1,1,0,1,42.63,38.73,0,0,1,1,1,1547.17,3813.96,3,-1.511,10.65,-0.655,1
U10006,1704.56,Bill Payment,23,Wednesday,1.847,2,5557.76,0,922.66,647.61,5.16,15.15,91.22,0,1178,1,10,10.94,0,3,0,0,7.62,23.56,0,0,0,1,1,3571.17,4193.19,2,1.206,77.32,0.847,0
U10007,1093.32,Bill Payment,14,Monday,0.864,5,1376.88,0,1266.08,1065.48,4.02,16.3,15.03,0,515,11,2,1.01,0,1,0,1,30.04,14.58,0,0,0,2,1,2906.21,5078.01,1,-0.162,42.72,-0.136,0
U10008,1475.01,Bill Payment,5,Saturday,1.065,3,2543.85,0,1384.61,509.06,2.5,19.19,100.0,0,1454,14,5,23.48,0,1,0,0,5.2,4.87,0,0,0,1,2,2359.05,6660.56,1,0.177,53.16,0.065,0
U10009,639.17,P2P,18,Thursday,0.758,7,2836.81,0,843.16,426.1,3.93,18.88,13.19,0,1065,7,6,7.09,0,2,0,0,22.17,39.1,0,0,1,0,1,872.17,2643.24,1,-0.478,36.51,-0.242,0
U10010,3614.17,P2P,21,Wednesday,3.186,0,4203.58,1,1134.34,760.72,3.11,15.37,71.94,1,6,9,8,47.45,0,3,0,0,30.29,40.59,0,0,0,2,6,7814.21,11329.4,1,3.256,91.02,2.184,0
U10011,3264.99,P2P,6,Thursday,3.58,3,5903.49,0,911.9,476.72,3.19,19.87,100.0,0,591,12,2,18.11,0,2,0,0,9.65,14.11,0,0,0,1,2,2856.41,3873.46,2,4.926,92.75,2.578,1
U10012,1602.39,Bill Payment,18,Monday,0.474,3,4783.17,0,3377.62,1228.21,5.42,15.77,23.6,1,9,9,5,40.92,0,2,0,0,22.02,22.06,0,0,0,2,2,1318.66,1624.12,2,-1.444,18.38,-0.525,0
U10013,4630.69,Recharge,18,Thursday,4.018,4,4708.7,0,1152.51,309.91,2.61,21.26,90.44,0,155,9,5,7.33,0,1,0,0,8.11,4.26,0,0,0,1,1,3934.13,5231.98,2,11.187,94.16,3.015,0
U10014,2394.02,P2P,12,Thursday,0.995,2,6333.56,1,2405.3,1237.02,3.38,19.32,54.49,0,282,8,6,28.76,0,1,0,0,23.88,32.55,1,0,1,0,5,4038.62,5027.81,3,-0.009,49.77,-0.005,0
U10015,635.19,Bill Payment,15,Wednesday,0.578,3,2739.95,0,1098.88,738.43,2.14,15.17,7.55,0,1406,8,6,31.5,0,1,0,0,3.92,18.46,1,0,0,2,4,1199.41,4554.45,2,-0.627,25.07,-0.422,0
U10016,2168.89,P2P,6,Saturday,1.608,2,3137.58,1,1348.51,840.24,2.21,16.68,100.0,0,333,5,5,24.82,0,1,0,0,21.41,27.55,0,0,0,0,6,6842.97,10236.6,4,0.975,72.11,0.608,0
U10017,574.98,P2P,22,Tuesday,0.868,4,957.61,1,662.13,232.78,3.91,16.63,44.36,0,270,10,3,9.4,0,3,0,0,28.61,8.91,1,1,0,2,4,1404.41,1985.57,3,-0.373,43.0,-0.131,1
U10018,3610.75,P2P,23,Monday,3.679,1,6494.04,0,981.32,532.81,4.5,18.4,85.16,0,1294,12,4,6.82,0,1,0,0,13.14,106.32,0,0,0,1,3,6836.85,9262.9,1,4.926,93.11,2.677,0
U10019,1426.95,P2P,23,Thursday,1.082,3,1930.23,0,1319.25,646.64,4.05,17.49,56.02,0,1418,10,3,8.13,0,1,0,0,18.08,43.66,0,0,0,1,1,4612.07,7550.52,2,0.166,53.91,0.082,0
U10020,1246.83,Bill Payment,17,Sunday,0.509,0,3348.83,0,2449.84,1049.1,2.82,15.14,19.23,0,1232,7,5,12.22,0,1,0,0,14.05,63.48,0,0,0,2,2,3442.71,4586.84,0,-1.146,20.59,-0.491,0
U10021,759.22,Merchant,1,Wednesday,0.573,4,1282.95,1,1326.06,960.1,1.74,14.51,100.0,1,3,10,3,49.54,0,2,0,0,12.87,6.23,0,0,2,1,3,1411.86,3303.43,1,-0.59,24.71,-0.427,0
U10022,5093.71,P2P,8,Monday,2.277,6,6565.48,0,2236.69,1009.36,3.38,19.37,100.0,0,1263,7,4,11.22,0,4,0,0,7.7,36.06,0,0,0,1,5,12539.07,15235.66,3,2.828,83.83,1.277,0
U10023,1285.23,P2M,10,Sunday,0.803,2,4081.54,0,1601.03,962.37,3.52,18.72,80.62,0,422,6,2,7.89,1,1,0,0,29.4,24.15,0,0,0,2,3,3655.3,7284.0,1,-0.328,39.2,-0.197,1
U10024,977.4,Bill Payment,23,Thursday,0.392,1,1956.86,4,2495.91,2121.76,4.58,18.26,52.74,0,46,11,6,12.16,0,3,0,0,24.21,32.2,0,0,0,0,5,2987.43,4914.78,0,-0.715,13.31,-0.608,0
U10025,1054.78,Merchant,13,Tuesday,0.903,0,4976.53,0,1168.54,701.74,4.06,18.68,57.44,0,1383,5,2,6.13,1,1,0,0,41.85,3.42,0,0,0,0,3,1665.47,3980.86,1,-0.162,44.9,-0.097,0
U10026,2554.29,P2M,12,Friday,0.726,3,4788.05,0,3518.1,2290.51,4.99,16.45,39.46,0,423,3,3,28.31,0,1,0,0,9.66,50.13,0,0,0,1,3,6359.26,9272.31,3,-0.421,34.52,-0.274,0
U10027,2161.73,P2P,3,Wednesday,2.241,3,2752.96,0,964.54,287.06,4.63,18.46,100.0,0,998,9,6,16.0,1,2,0,0,25.68,89.96,0,0,0,3,2,6453.22,7035.39,4,4.156,83.38,1.24,1
U10028,2266.41,P2M,19,Sunday,2.667,4,2681.27,0,849.94,310.9,2.96,23.0,42.29,0,138,10,5,20.19,1,1,0,0,16.9,23.93,0,0,0,2,4,3549.76,3691.72,0,4.541,87.65,1.665,1
U10029,2307.78,P2P,8,Wednesday,3.315,4,3058.16,1,696.14,219.71,4.03,20.94,100.0,1,24,13,2,38.86,0,1,0,0,22.57,9.18,0,0,0,3,2,5460.76,8099.79,2,7.302,91.64,2.312,1
U10030,12770.18,Merchant,2,Thursday,3.728,1,14188.65,0,3425.62,2559.38,4.49,17.28,100.0,0,1324,12,5,4.57,0,1,0,0,55.1,1.61,0,0,0,1,5,9906.61,11875.52,3,3.65,93.28,2.727,1
U10031,999.05,P2M,23,Thursday,0.576,1,5169.91,1,1735.11,1376.55,5.33,16.69,60.74,0,900,8,6,22.3,0,4,0,1,33.91,1.95,0,0,1,2,7,1814.2,2343.82,2,-0.534,24.91,-0.424,0
U10032,898.73,Bill Payment,4,Tuesday,0.87,4,5599.18,0,1032.48,383.25,3.19,10.85,61.48,0,1497,5,3,26.16,0,2,0,0,5.51,102.81,0,0,0,0,1,1185.59,3957.01,1,-0.348,43.11,-0.129,0
U10033,664.77,P2P,0,Thursday,0.316,1,1613.22,0,2105.14,826.32,4.09,20.67,100.0,0,295,12,3,26.3,0,3,0,0,1.29,21.25,0,0,0,1,1,1204.94,1722.26,1,-1.741,9.08,-0.684,0
U10034,2777.2,P2M,1,Monday,1.698,1,3700.81,1,1635.23,752.34,3.07,19.97,100.0,0,1339,11,10,11.76,0,1,0,0,19.46,50.69,0,0,0,1,3,3293.3,5142.61,3,1.516,74.25,0.698,0
U10035,4638.72,Recharge,10,Friday,1.596,5,7140.52,0,2906.88,1843.54,4.45,16.64,79.21,0,1315,13,6,32.68,0,2,0,0,13.99,64.98,0,0,0,1,2,14201.2,16877.59,4,0.939,71.8,0.596,0
U10036,1338.46,P2M,2,Saturday,2.238,6,3825.98,0,597.98,391.18,5.15,14.42,100.0,0,1388,4,4,12.09,0,1,0,0,5.82,93.78,0,0,0,0,3,1576.89,4969.67,2,1.888,83.34,1.236,0
U10037,647.46,P2M,20,Sunday,0.608,1,4158.44,1,1064.93,741.61,5.18,15.11,41.17,1,10,7,4,45.15,1,2,0,0,35.25,95.27,0,0,0,1,5,1116.58,2415.8,4,-0.562,27.01,-0.392,1
U10038,657.69,Merchant,12,Wednesday,0.675,2,4231.83,0,974.52,817.01,2.13,19.11,54.85,0,183,9,6,6.71,0,1,0,0,20.43,25.15,0,0,0,3,1,2719.0,5952.7,2,-0.387,31.31,-0.325,0
U10039,2875.02,Recharge,7,Tuesday,5.823,0,3579.37,2,493.7,218.1,2.32,17.78,100.0,1,14,7,5,55.87,0,1,0,0,11.19,76.66,0,0,0,1,2,6740.13,8185.65,0,10.869,97.13,4.814,1
U10040,3154.15,P2P,0,Thursday,1.631,1,3487.65,0,1933.76,1311.46,4.52,19.73,100.0,0,200,12,5,14.14,0,3,0,0,10.5,59.46,0,0,0,1,4,7145.71,7925.45,2,0.93,72.67,0.631,1
U10041,2582.14,P2M,11,Friday,2.43,1,4839.23,0,1062.52,652.2,4.02,18.22,100.0,0,123,4,3,27.7,0,1,1,0,8.57,59.87,0,0,1,0,5,8634.19,9648.1,1,2.326,85.51,1.429,0
U10042,771.02,P2M,3,Sunday,0.461,4,2502.21,1,1673.9,751.24,5.12,20.42,100.0,0,1222,9,8,11.8,0,1,0,0,19.33,17.93,0,0,0,1,2,2305.58,3465.22,0,-1.2,17.52,-0.539,0
U10043,1891.98,P2M,23,Monday,0.545,2,2062.77,2,3470.22,2914.36,2.76,18.92,32.07,0,1051,7,7,7.1,0,2,0,1,17.85,16.94,0,0,0,1,3,5611.98,5657.46,2,-0.541,22.92,-0.455,0
U10044,1685.65,P2P,6,Tuesday,1.647,1,2010.47,0,1023.64,319.44,4.89,20.07,100.0,1,11,7,2,60.55,1,1,0,1,30.68,47.81,1,0,1,0,7,4711.37,7606.01,0,2.066,73.04,0.646,1
U10045,1866.67,P2P,11,Tuesday,1.88,2,4046.69,2,992.83,707.69,4.24,12.78,31.61,0,1405,12,6,1.6,1,1,0,0,21.16,13.38,0,0,0,0,4,4178.37,6435.22,0,1.233,77.93,0.879,0
U10046,3585.49,Merchant,0,Tuesday,2.833,1,4908.26,0,1265.82,915.34,2.28,14.91,100.0,0,239,13,6,4.64,0,2,0,0,33.6,55.19,0,0,0,1,6,9752.13,10777.63,2,2.531,88.91,1.831,0
U10047,1875.85,Merchant,3,Thursday,1.002,2,4091.48,1,1871.21,1581.1,2.01,17.09,100.0,1,21,7,6,40.42,0,1,0,0,19.18,24.03,0,0,1,3,2,3107.55,5496.7,2,0.003,50.12,0.002,1
U10048,2957.6,Recharge,4,Sunday,3.181,1,3511.31,1,929.88,545.91,4.31,20.7,100.0,0,94,9,4,6.23,0,2,0,0,19.73,30.04,0,0,0,0,3,2138.1,2646.27,2,3.708,90.99,2.178,0
U10049,1604.87,Merchant,1,Monday,1.777,6,3935.94,0,903.38,414.7,2.13,22.7,100.0,0,576,9,8,8.72,0,1,0,0,14.46,29.57,0,0,0,3,6,2860.78,5323.78,2,1.687,75.92,0.776,0
U10050,2002.88,Bill Payment,17,Saturday,1.037,1,3895.47,0,1931.04,1521.72,4.68,17.59,0.0,0,467,8,5,8.02,0,2,1,0,8.79,23.03,0,0,0,1,3,3102.3,5903.61,1,0.047,51.82,0.037,0
U10051,2820.05,Bill Payment,22,Friday,1.982,2,5273.62,2,1422.92,1068.65,3.73,16.47,58.22,0,378,5,10,29.4,0,2,0,0,4.56,149.28,1,0,0,0,1,3675.87,4100.13,0,1.306,79.7,0.981,0
U10052,349.35,Bill Payment,23,Friday,0.731,2,1355.47,0,478.16,275.04,3.41,13.11,73.63,0,1086,8,2,11.52,0,1,0,0,19.64,43.5,1,0,0,5,9,3042.35,6092.46,1,-0.467,34.84,-0.269,0
U10053,1089.58,P2M,6,Friday,1.576,3,1922.02,0,691.35,517.9,2.6,20.16,100.0,0,207,11,3,3.67,1,1,0,0,23.94,23.08,0,0,0,2,3,3407.61,4867.21,1,0.767,71.27,0.575,1
U10054,937.15,P2M,18,Monday,0.397,2,1319.13,1,2358.15,1000.14,5.44,16.62,24.04,0,1219,12,7,9.9,0,3,0,0,33.95,21.87,0,0,0,2,4,1039.99,2506.02,1,-1.419,13.65,-0.602,1
U10055,791.83,P2P,12,Saturday,0.551,5,1941.34,0,1437.91,910.45,4.39,23.0,91.98,0,1314,10,6,5.17,0,1,0,0,19.0,3.13,1,0,0,2,4,1845.16,2273.32,5,-0.709,23.29,-0.449,0
U10056,1139.2,P2M,1,Tuesday,1.338,3,4227.87,0,851.58,691.8,4.61,16.15,100.0,0,1008,10,3,7.25,1,1,0,0,25.57,8.57,1,0,1,0,6,2907.4,6352.27,0,0.415,64.14,0.337,1
U10057,6688.61,P2P,2,Thursday,6.018,3,10370.29,1,1111.42,507.57,4.57,23.0,100.0,0,149,8,5,29.89,0,1,0,0,26.44,36.65,0,0,0,2,2,13622.33,17085.61,2,10.966,97.31,5.014,0
U10058,631.05,P2P,13,Friday,0.523,8,1138.68,0,1207.17,681.22,3.84,19.87,50.86,0,907,6,14,16.02,0,2,0,0,14.35,3.25,0,0,0,0,2,1168.11,5862.79,0,-0.844,21.49,-0.477,0
U10059,3950.11,P2M,10,Friday,2.364,4,5367.75,0,1670.97,1450.7,5.26,15.43,53.81,0,954,4,7,23.81,0,2,0,0,31.61,12.48,0,0,0,2,5,12908.68,16621.02,0,1.57,84.81,1.363,0
U10060,278.76,P2M,0,Wednesday,0.428,4,4491.31,0,651.23,500.69,3.84,18.58,100.0,0,578,4,4,11.93,1,1,0,1,10.59,47.27,0,0,0,1,1,1327.88,3281.44,2,-0.742,15.54,-0.571,1
U10061,1073.13,P2P,22,Wednesday,1.306,2,5668.42,0,821.93,679.39,3.58,19.93,34.94,0,569,10,6,2.8,0,1,0,0,8.15,59.61,0,0,0,4,5,3323.56,5470.88,3,0.369,63.01,0.305,0
U10062,1765.12,Recharge,17,Thursday,1.301,3,2876.83,1,1356.83,678.97,2.59,17.44,15.81,0,719,3,7,5.16,1,1,0,0,20.6,21.42,0,0,0,0,3,3467.57,3619.82,1,0.6,62.85,0.301,0
U10063,2695.78,Recharge,12,Monday,2.35,6,5972.55,1,1147.28,1029.95,2.63,20.09,100.0,1,2,10,1,60.24,0,1,0,1,24.87,1.16,1,0,1,1,3,7696.86,7811.72,1,1.502,84.65,1.349,0
U10064,3054.73,P2P,23,Saturday,1.968,2,5959.03,0,1552.18,541.97,4.45,20.04,40.88,0,35,7,5,22.3,0,1,0,0,12.89,14.22,0,0,1,2,2,4193.94,5741.8,1,2.767,79.47,0.967,0
U10065,3316.18,P2P,23,Monday,4.806,2,6058.26,0,690.07,405.21,2.84,19.49,91.01,0,777,8,7,17.74,0,1,0,0,4.93,26.45,0,0,0,1,1,8659.05,10165.76,1,6.465,95.84,3.8,1
U10066,1058.38,P2P,23,Thursday,0.751,3,1333.97,0,1409.21,791.31,4.41,17.96,36.17,1,1,11,9,54.27,0,1,0,0,4.11,58.74,0,0,1,1,2,4368.33,5114.72,5,-0.443,36.08,-0.249,0
U10067,944.7,Bill Payment,6,Friday,0.482,2,1845.46,0,1961.16,1508.09,5.31,15.06,86.93,0,836,6,3,17.22,0,3,0,0,26.51,49.72,0,0,0,1,1,3103.31,4700.13,0,-0.674,18.85,-0.518,0
U10068,3537.57,Recharge,21,Monday,2.368,3,4837.89,1,1493.9,1255.77,3.26,17.81,47.81,0,35,7,3,12.73,0,1,0,0,9.91,1.77,0,0,0,2,7,10058.95,10935.04,0,1.626,84.86,1.367,0
U10069,1238.82,P2P,12,Sunday,0.97,0,2509.71,1,1277.52,926.51,1.89,18.44,52.29,0,1379,9,10,13.46,0,2,0,0,14.36,71.84,0,0,0,0,3,2080.96,5560.14,1,-0.042,48.46,-0.03,0
U10070,418.86,Bill Payment,17,Wednesday,0.364,3,1824.64,0,1149.32,755.6,4.17,13.31,54.29,0,701,8,4,2.72,0,1,0,0,47.19,26.04,0,0,0,1,5,2046.94,3864.02,1,-0.965,11.76,-0.635,0
U10071,482.96,P2P,20,Monday,0.586,2,5413.47,0,824.18,435.03,1.54,18.42,19.06,1,18,9,7,46.18,0,2,0,0,4.07,51.58,0,0,0,0,4,1954.2,2926.79,0,-0.783,25.59,-0.414,0
U10072,598.11,P2M,3,Friday,0.515,1,1741.21,0,1161.74,675.8,4.65,17.76,100.0,0,256,3,7,9.34,0,1,0,1,9.86,0.37,0,0,0,2,4,2252.81,5728.47,1,-0.833,20.98,-0.485,0
U10073,2466.07,Merchant,10,Thursday,1.166,5,4423.73,1,2115.28,1229.07,3.6,14.76,29.73,1,13,7,6,35.75,0,1,0,0,35.57,39.43,0,0,0,2,0,5507.88,6009.79,2,0.285,57.61,0.166,1
U10074,1729.6,P2P,3,Friday,1.521,1,3636.62,0,1137.42,299.41,3.46,17.17,100.0,0,1029,7,8,9.93,0,2,0,1,13.04,66.2,1,0,0,2,5,3743.2,9798.31,2,1.971,69.8,0.52,0
U10075,2992.03,P2P,6,Saturday,3.721,5,4411.56,1,804.05,463.92,3.78,17.22,100.0,0,1200,10,2,15.18,0,1,0,0,7.44,55.74,0,0,0,0,4,2405.27,4415.29,2,4.706,93.25,2.718,0
U10076,978.45,P2M,9,Thursday,1.018,1,1518.3,0,961.57,775.39,3.57,22.83,100.0,0,43,9,5,12.15,1,4,0,0,38.84,20.5,0,0,2,0,3,3416.54,4936.97,1,0.022,50.87,0.018,0
U10077,1757.7,P2M,20,Saturday,1.338,3,3327.57,0,1313.51,933.94,2.8,18.55,24.65,1,29,2,9,63.67,0,4,0,0,23.48,26.08,0,0,2,2,5,3285.61,3615.1,1,0.475,64.16,0.338,0
U10078,2804.02,Merchant,20,Wednesday,2.764,6,2970.6,0,1014.34,778.21,2.63,20.59,30.34,1,8,5,4,53.55,0,1,0,1,18.43,23.06,0,0,1,0,3,8588.64,10269.5,3,2.297,88.42,1.763,0
U10079,1100.89,Merchant,9,Thursday,0.737,5,3203.12,0,1492.88,752.14,3.16,17.71,83.52,0,658,6,2,24.77,0,1,0,0,8.75,16.65,0,0,1,1,4,1685.3,3100.52,1,-0.52,35.24,-0.262,0
U10080,2368.46,P2P,7,Tuesday,1.56,2,2499.6,1,1518.32,901.63,5.08,13.32,68.97,1,20,7,4,65.41,0,1,0,0,43.72,32.32,0,0,1,4,2,3216.25,5854.57,1,0.942,70.86,0.56,1
U10081,773.79,P2P,12,Friday,0.432,4,2741.27,0,1790.27,486.53,2.04,19.68,67.76,0,114,7,4,6.72,0,1,0,0,18.35,1.44,0,0,1,1,1,694.64,2204.0,1,-2.085,15.76,-0.567,0
U10082,1043.32,Bill Payment,21,Tuesday,0.458,3,1903.55,1,2277.15,1136.18,2.8,16.35,42.17,0,1156,8,2,26.94,0,1,0,0,17.98,4.71,0,0,1,0,3,886.93,1410.71,5,-1.085,17.36,-0.542,0
U10083,1024.01,P2P,23,Friday,0.545,1,1638.36,1,1878.47,1048.88,2.27,17.16,56.61,0,1085,8,3,7.02,0,1,0,0,15.12,4.49,0,0,0,0,2,2719.73,4060.09,2,-0.814,22.92,-0.455,0
U10084,453.67,Recharge,5,Saturday,0.576,4,2982.79,0,788.13,327.77,3.21,15.37,92.56,1,6,9,7,41.36,0,1,0,0,8.58,18.39,0,0,0,1,3,613.78,1494.54,2,-1.017,24.92,-0.424,1
U10085,2441.07,Bill Payment,4,Sunday,3.055,2,3478.11,0,799.1,216.0,2.03,18.18,100.0,0,1059,5,5,14.17,0,1,0,1,14.67,3.71,1,0,0,1,4,7146.05,7644.26,0,7.567,90.31,2.052,1
U10086,938.06,P2P,16,Sunday,0.809,3,2446.46,0,1159.77,810.41,4.54,20.66,47.64,0,905,8,8,12.18,0,2,0,0,20.25,108.69,0,0,0,1,3,668.73,4532.92,1,-0.273,39.56,-0.191,0
U10087,1518.86,Recharge,7,Monday,1.551,2,1805.65,0,979.51,521.89,1.91,20.33,100.0,1,22,10,3,62.28,0,1,0,1,14.67,17.79,0,0,1,0,1,6245.54,6513.29,0,1.031,70.61,0.55,1
U10088,2425.92,P2P,4,Monday,3.374,5,6292.2,1,718.98,374.01,4.16,21.97,100.0,0,1154,6,7,8.16,0,2,0,0,24.37,8.09,0,0,1,0,3,2687.45,6237.46,3,4.552,91.91,2.371,1
U10089,2344.32,P2M,0,Sunday,2.383,3,3967.54,1,983.69,405.76,2.57,22.32,100.0,0,368,10,4,6.98,0,1,0,0,11.39,12.34,0,0,0,1,2,5469.3,7213.29,0,3.345,85.01,1.382,0
U10090,2917.86,P2M,9,Wednesday,3.01,1,4538.03,1,969.27,581.16,3.39,12.89,60.99,0,186,9,5,8.64,0,1,1,0,37.78,31.01,0,0,0,0,4,7745.83,10554.62,5,3.347,90.05,2.008,0
U10091,1359.31,P2M,9,Monday,1.533,3,3494.78,2,886.91,474.25,2.3,15.02,61.35,0,1106,12,3,2.73,0,1,0,1,24.94,13.43,0,0,0,0,4,1829.84,5921.17,4,0.994,70.12,0.532,0
U10092,982.32,Bill Payment,13,Wednesday,0.944,3,1044.35,0,1041.04,580.99,4.42,13.48,13.86,0,894,9,6,1.84,1,1,0,0,16.99,14.46,1,0,0,3,3,2412.26,3397.39,1,-0.101,47.1,-0.056,0
U10093,1385.06,Bill Payment,4,Saturday,0.679,2,5513.98,1,2039.34,1279.82,5.29,19.58,100.0,0,250,5,5,12.15,0,1,0,0,39.35,46.57,0,0,1,2,1,3814.91,5635.19,1,-0.511,31.58,-0.321,0
U10094,277.52,Merchant,17,Wednesday,0.211,2,1386.59,0,1312.56,333.54,2.39,16.27,30.9,1,7,11,4,66.07,0,2,0,1,8.85,14.49,0,0,0,2,7,1162.62,2227.15,4,-3.094,4.3,-0.788,0
U10095,352.87,Merchant,16,Monday,0.097,2,4318.38,1,3649.67,3065.73,5.31,16.78,28.49,0,1045,12,8,3.22,0,4,0,0,19.34,19.64,1,0,0,2,3,1874.2,3298.05,3,-1.075,0.93,-0.903,0
U10096,399.62,P2M,11,Saturday,0.308,3,1476.86,0,1295.7,383.8,2.8,17.46,61.46,0,763,7,7,13.25,0,3,0,1,24.16,3.55,1,0,0,0,3,1011.31,3678.52,1,-2.329,8.71,-0.691,0
U10097,553.34,P2P,4,Tuesday,0.525,2,1435.89,1,1053.16,571.97,3.73,18.96,100.0,1,27,8,1,62.56,0,3,0,0,18.49,54.49,0,0,0,0,3,1532.51,3144.09,1,-0.872,21.66,-0.474,1
U10098,2237.23,Bill Payment,12,Wednesday,1.861,7,4268.49,0,1202.23,462.61,4.31,14.29,36.7,0,771,12,3,6.6,0,1,0,0,40.11,10.01,1,0,0,0,2,3483.43,5282.67,2,2.232,77.58,0.86,0
U10099,606.52,Merchant,16,Monday,0.45,3,6196.42,0,1346.82,795.24,2.3,14.85,15.16,1,3,10,4,43.51,0,3,0,0,3.04,107.34,0,0,0,0,6,1571.94,2280.1,0,-0.93,16.89,-0.549,1
U10100,1027.68,P2P,8,Friday,0.704,3,4302.12,0,1459.63,630.78,3.28,18.0,100.0,0,358,5,4,18.1,0,1,0,0,24.89,3.47,0,0,0,2,3,3873.6,5417.14,2,-0.684,33.16,-0.296,0
U10101,5499.7,P2M,6,Thursday,1.8,5,7696.35,0,3055.19,2471.66,1.77,21.0,100.0,1,11,10,4,52.11,0,2,0,0,26.45,35.79,0,0,1,4,3,13082.8,14232.08,5,0.989,76.41,0.8,0
U10102,1050.43,P2M,12,Sunday,1.281,4,3058.42,0,820.31,416.42,4.29,17.94,56.71,0,1219,6,4,8.25,0,3,0,0,22.13,67.75,0,0,0,0,3,793.48,2497.0,4,0.551,62.11,0.28,0
U10103,3136.1,P2P,8,Wednesday,1.776,4,4694.79,0,1766.31,1174.93,3.17,16.02,85.65,0,578,2,5,12.13,0,1,0,0,33.73,60.82,0,0,0,0,5,2806.07,3460.88,1,1.165,75.91,0.775,0
U10104,589.69,Bill Payment,9,Tuesday,0.448,2,4435.77,1,1317.6,542.55,5.07,12.63,36.94,0,1082,5,6,18.91,0,2,0,0,11.87,30.05,0,0,2,2,1,1937.11,2929.76,0,-1.339,16.71,-0.552,0
U10105,1221.44,P2M,8,Tuesday,2.064,1,3796.23,0,591.75,155.4,2.6,20.38,100.0,1,27,6,2,56.69,0,1,0,0,6.97,12.93,0,0,0,4,1,2126.26,4165.14,3,4.026,80.96,1.062,0
U10106,580.1,Bill Payment,7,Tuesday,0.342,1,953.34,0,1697.47,870.29,5.19,16.16,86.69,1,3,12,3,41.1,0,1,0,0,28.35,25.32,0,0,1,0,2,1178.23,3733.68,1,-1.282,10.48,-0.658,0
U10107,1068.69,Recharge,17,Thursday,0.503,1,1686.59,0,2122.83,1270.97,2.06,15.13,30.36,0,922,6,10,6.44,0,1,0,0,24.13,11.13,0,0,0,0,2,2541.32,4438.1,2,-0.829,20.23,-0.496,0
U10108,3475.62,Recharge,11,Monday,4.26,3,5727.02,0,815.95,447.72,3.93,13.71,72.92,0,732,7,8,20.88,0,6,0,0,23.63,58.4,0,0,0,0,2,10773.4,12090.81,0,5.927,94.77,3.256,0
U10109,266.64,P2M,11,Wednesday,0.223,2,785.89,0,1195.19,1046.16,2.73,14.4,32.73,0,1123,10,7,31.43,1,3,0,0,8.94,93.12,0,1,0,3,0,1858.43,2803.54,3,-0.887,4.77,-0.776,1
U10110,2316.11,P2P,15,Saturday,4.195,3,3932.31,0,552.07,391.66,2.23,15.6,67.45,0,1388,8,11,16.76,0,1,0,0,21.39,44.4,0,0,1,1,3,3422.28,3669.38,2,4.493,94.61,3.19,0
U10111,1902.56,Bill Payment,8,Saturday,2.794,4,4629.75,0,681.04,611.02,1.88,17.4,100.0,1,26,10,6,51.66,0,2,0,0,25.99,52.19,0,0,1,2,1,3321.22,7270.65,2,1.996,88.62,1.791,0
U10112,828.05,Recharge,2,Friday,0.431,0,2869.91,0,1923.09,849.6,4.12,14.98,100.0,0,1384,13,6,2.3,1,1,0,1,26.79,36.45,0,0,0,2,1,2882.91,6252.93,0,-1.287,15.66,-0.569,1
U10113,353.25,P2M,20,Sunday,0.363,5,794.85,1,972.81,742.14,2.43,18.46,29.52,0,74,7,6,7.31,1,1,0,0,10.6,7.41,0,0,0,0,2,1626.09,5971.42,1,-0.834,11.69,-0.636,1
U10114,1612.19,Recharge,1,Saturday,2.213,4,2263.48,0,728.59,445.25,3.79,17.38,100.0,1,5,5,7,41.83,0,2,0,0,65.94,98.06,1,0,0,1,2,2274.27,6536.3,1,1.98,83.02,1.211,1
U10115,883.36,P2P,13,Friday,0.664,4,2972.24,0,1330.53,861.71,5.42,23.0,97.85,0,1098,9,8,13.48,0,1,0,0,21.13,3.39,1,0,1,0,3,3241.11,5347.5,0,-0.518,30.61,-0.336,0
U10116,1892.96,Recharge,6,Sunday,1.996,0,7083.22,0,948.6,845.02,2.76,13.74,75.31,0,636,10,4,27.53,0,1,0,0,14.9,38.57,0,0,0,0,8,6170.35,13131.13,3,1.116,79.91,0.994,0
U10117,1533.14,P2P,5,Monday,1.579,1,2898.61,0,970.88,655.43,1.64,18.4,100.0,0,491,7,6,17.72,0,1,0,1,31.04,106.67,0,0,0,2,7,6967.87,8420.48,7,0.857,71.36,0.579,1
U10118,7442.78,P2P,1,Saturday,4.447,2,10236.31,1,1673.67,1396.23,2.07,18.44,100.0,0,108,10,5,28.52,0,4,1,0,1.66,18.88,1,0,0,1,3,18820.36,20642.67,2,4.129,95.18,3.445,1
U10119,1180.7,P2M,21,Wednesday,1.66,3,3235.68,0,711.44,513.47,1.98,15.42,53.87,0,1262,6,6,27.21,0,1,0,0,13.73,44.08,0,0,0,0,2,2870.13,3836.94,1,0.912,73.34,0.659,1
U10120,539.0,P2P,10,Saturday,0.675,2,1391.33,0,798.44,265.72,3.35,18.24,62.78,0,1265,4,4,29.73,0,3,0,0,16.33,6.99,0,0,0,1,4,2018.06,2495.09,1,-0.973,31.33,-0.325,0
U10121,1794.53,P2P,8,Sunday,1.395,3,4610.41,0,1286.16,906.26,4.48,19.92,100.0,0,141,8,5,4.45,0,1,0,0,18.67,30.47,0,0,0,1,1,3635.71,4769.93,0,0.56,66.05,0.395,0
U10122,1869.11,P2P,17,Thursday,1.007,2,2145.75,1,1856.25,1048.42,2.69,18.24,14.81,0,885,6,5,10.31,0,3,0,0,8.97,52.22,0,0,0,2,4,2472.59,3550.4,2,0.012,50.35,0.007,0
U10123,5839.54,P2M,0,Monday,2.788,2,8513.61,0,2094.87,1774.81,2.08,21.46,100.0,0,840,5,6,13.43,0,1,0,0,10.41,44.45,1,0,0,1,3,6449.74,9265.12,2,2.109,88.59,1.787,0
U10124,3457.61,Bill Payment,13,Wednesday,3.887,3,5604.97,0,889.62,688.96,4.06,12.56,42.99,0,283,11,3,12.47,0,3,0,0,12.03,28.01,0,0,2,0,3,7328.03,9281.7,1,3.722,93.78,2.883,0
U10125,2143.28,P2P,11,Wednesday,1.171,4,3068.31,0,1829.68,581.27,2.7,15.89,31.42,0,836,3,5,17.6,0,2,0,0,13.45,15.09,1,0,0,0,1,2666.14,5027.87,1,0.539,57.84,0.171,0
U10126,6480.31,Bill Payment,13,Sunday,7.685,4,7046.41,0,843.21,284.2,3.8,21.69,100.0,0,1223,5,8,17.25,0,1,0,1,22.29,3.23,0,0,0,2,4,16916.17,19025.05,1,19.765,98.33,6.677,1
U10127,456.9,Recharge,2,Sunday,0.167,4,1454.29,0,2729.49,805.87,5.24,20.28,100.0,0,509,8,4,15.05,1,3,1,0,11.18,42.33,1,0,0,2,1,1640.8,3796.14,1,-2.817,2.74,-0.832,1
U10128,791.14,P2P,22,Thursday,1.098,5,1586.92,0,720.45,411.1,2.67,19.35,17.12,0,1096,6,4,8.89,0,4,0,0,20.91,29.16,0,0,1,2,2,3345.98,4340.85,1,0.172,54.66,0.098,0
U10129,593.86,P2P,5,Sunday,0.272,5,1788.38,0,2181.77,659.99,3.55,21.08,100.0,0,1456,5,3,3.38,0,3,0,0,10.34,0.71,0,0,0,0,3,2549.79,4612.44,0,-2.402,6.91,-0.727,0
U10130,1015.78,Recharge,16,Thursday,1.137,2,2102.81,0,893.06,643.35,4.73,13.21,43.05,0,698,12,4,6.93,1,1,0,0,47.69,19.48,0,0,0,1,3,1763.65,4713.31,2,0.19,56.4,0.137,0
U10131,378.62,Recharge,17,Wednesday,0.128,4,1303.22,0,2969.17,1808.32,4.27,19.99,44.41,0,187,13,5,5.14,0,2,0,0,11.23,0.64,1,0,0,2,1,2086.84,5889.33,2,-1.432,1.61,-0.872,1
U10132,2830.96,P2M,8,Saturday,1.808,2,3094.29,0,1565.83,1242.21,4.51,20.66,96.67,0,467,6,5,8.75,0,2,1,0,12.72,17.48,0,0,0,3,2,3678.8,7021.92,3,1.018,76.56,0.807,0
U10133,1201.11,Recharge,3,Friday,1.581,2,1690.36,1,759.66,328.07,4.59,16.35,100.0,0,230,8,7,9.26,0,2,0,0,10.01,70.1,0,0,1,2,4,2218.79,4838.24,3,1.342,71.41,0.58,0
U10134,344.61,P2P,7,Thursday,0.363,2,3474.64,2,948.68,557.29,3.66,23.0,100.0,0,548,14,4,14.02,0,2,0,0,3.51,30.04,0,0,0,2,5,728.66,2658.13,2,-1.082,11.7,-0.636,1
U10135,543.29,P2M,19,Thursday,0.319,2,1491.49,0,1705.49,556.61,3.64,18.49,13.95,0,977,5,9,6.37,0,1,0,0,3.56,23.47,0,0,0,1,5,1613.45,2824.07,1,-2.084,9.23,-0.681,0
U10136,2052.34,Bill Payment,21,Friday,1.065,3,3265.75,1,1927.09,1589.84,4.38,12.52,62.68,0,327,5,7,12.92,0,2,0,1,7.91,36.35,0,0,0,2,4,2337.29,4489.4,4,0.079,53.14,0.065,0
U10137,3468.05,P2P,22,Saturday,2.983,6,4506.43,0,1162.41,422.83,4.29,18.95,52.55,0,786,9,3,14.41,0,1,0,0,21.51,176.28,0,0,0,2,1,9924.21,14397.7,2,5.44,89.89,1.982,1
U10138,11047.41,Bill Payment,5,Thursday,9.023,5,14953.11,0,1224.36,387.55,4.18,16.2,100.0,1,22,11,6,45.62,0,2,0,0,3.3,18.06,0,0,0,0,5,17745.08,19109.64,4,25.281,98.78,8.016,1
U10139,27641.76,P2M,14,Monday,16.375,4,28420.6,0,1688.06,647.0,3.03,20.91,100.0,0,418,7,2,12.75,0,1,0,0,4.66,38.51,0,0,0,1,3,46515.7,51682.76,3,40.052,99.63,15.366,1
U10140,2270.22,Bill Payment,3,Monday,1.783,5,2999.51,2,1273.32,985.61,4.81,19.37,100.0,0,1323,7,5,21.37,0,4,0,0,23.32,56.2,0,0,1,0,4,7598.71,9815.93,6,1.01,76.06,0.782,0
U10141,557.62,P2M,17,Tuesday,0.832,1,2739.6,1,670.48,213.74,2.44,16.51,16.06,0,477,5,4,20.69,0,1,0,0,13.93,55.05,0,0,0,1,4,2053.94,5984.44,3,-0.526,40.9,-0.168,1
U10142,177.89,P2M,9,Thursday,0.214,4,1890.74,0,832.34,540.5,2.12,21.76,100.0,0,932,10,5,13.87,0,4,0,0,27.93,23.14,0,0,0,0,6,930.14,1992.89,2,-1.209,4.41,-0.785,0
U10143,1960.45,P2P,17,Friday,1.47,3,4186.48,4,1333.92,980.46,2.88,20.35,24.63,0,260,9,5,14.42,0,1,0,0,27.34,6.9,0,0,1,2,4,2780.83,3742.17,3,0.638,68.34,0.469,0
U10144,665.33,P2P,16,Saturday,0.321,4,2791.27,0,2073.61,1530.74,2.52,15.93,10.79,1,24,10,4,42.18,0,2,0,0,29.69,38.37,1,0,0,0,2,925.76,1451.99,2,-0.919,9.35,-0.679,0
U10145,990.16,Bill Payment,23,Tuesday,0.399,3,3856.92,1,2483.11,927.54,4.15,17.62,52.14,0,1305,6,5,11.86,0,2,0,0,7.36,150.39,0,0,0,0,3,2435.0,6875.75,2,-1.608,13.73,-0.601,0
U10146,813.32,P2P,11,Saturday,0.477,4,1242.69,0,1704.22,494.32,2.42,19.29,73.04,0,896,9,4,10.07,0,3,0,0,8.46,7.03,0,0,0,1,7,2879.33,5089.43,3,-1.799,18.57,-0.522,0
U10147,1303.01,P2P,8,Friday,0.954,3,3336.81,0,1365.61,739.78,4.13,17.09,67.01,1,5,4,9,46.85,0,1,0,0,5.06,10.96,0,0,0,0,4,4345.37,7268.44,2,-0.085,47.66,-0.046,0
U10148,4355.53,P2P,12,Monday,2.591,2,5089.14,0,1680.83,641.43,3.55,17.16,73.67,0,780,6,5,42.15,0,1,0,1,22.38,45.65,0,0,1,5,2,5627.53,7449.93,0,4.163,87.03,1.59,0
U10149,1755.08,P2P,3,Wednesday,1.974,1,1932.67,0,888.95,626.29,2.11,18.09,100.0,0,389,0,6,20.93,0,1,0,0,14.68,0.42,0,0,0,0,6,1770.58,3714.08,2,1.381,79.57,0.973,1
U10150,1279.96,Recharge,2,Wednesday,1.143,2,3395.4,0,1120.04,539.69,2.53,15.34,100.0,0,1395,7,7,32.42,0,1,0,0,8.26,28.59,0,0,0,0,5,2948.29,3398.98,2,0.296,56.63,0.143,1
U10151,532.49,P2M,12,Sunday,0.643,1,2560.02,0,828.17,448.93,3.59,12.42,2.03,0,608,8,2,21.95,1,3,0,0,8.35,0.95,0,0,0,0,7,2080.73,4319.91,0,-0.657,29.28,-0.357,0
U10152,281.05,Merchant,19,Sunday,0.411,5,1743.25,0,684.13,221.5,4.43,18.6,14.24,1,1,9,2,51.33,0,2,0,1,19.93,10.6,0,0,1,2,7,1450.07,4603.27,4,-1.812,14.49,-0.588,1
U10153,922.34,P2P,12,Saturday,0.661,2,3824.07,0,1394.34,862.97,3.09,13.03,6.51,0,1362,8,3,23.13,0,3,0,1,37.51,15.29,0,1,0,0,4,1607.33,1812.57,0,-0.546,30.45,-0.338,0
U10154,1421.46,Bill Payment,18,Thursday,1.09,3,2160.52,0,1304.48,483.43,2.43,15.52,23.6,1,23,8,3,42.44,0,1,0,0,14.74,16.78,0,0,0,1,4,2564.55,3787.11,1,0.241,54.28,0.09,0
U10155,8788.07,P2M,4,Thursday,5.374,3,11156.53,1,1635.2,1130.48,2.68,13.57,100.0,0,1333,12,3,14.29,0,2,0,0,24.55,46.37,0,0,0,3,4,23293.46,24166.48,1,6.322,96.65,4.372,1
U10156,1708.71,P2M,10,Wednesday,1.114,4,3011.18,0,1534.3,454.55,1.88,13.88,33.75,0,421,9,4,12.73,0,3,0,1,13.81,0.68,0,0,1,3,8,3146.06,5730.68,0,0.383,55.36,0.114,0
U10157,4007.65,Recharge,14,Saturday,2.994,0,5390.73,0,1338.45,1183.63,1.6,19.07,65.77,0,131,2,7,2.99,1,2,0,0,37.45,33.45,0,0,1,2,2,12242.4,14727.79,1,2.253,89.96,1.993,1
U10158,910.44,Merchant,8,Monday,0.591,2,1123.59,0,1541.57,1071.3,5.39,17.44,88.62,0,353,11,5,23.03,1,1,0,0,47.56,1.67,0,0,0,0,2,2633.03,5543.69,2,-0.589,25.88,-0.409,0
U10159,458.65,Recharge,0,Tuesday,0.39,6,3380.87,1,1177.17,433.34,1.89,17.35,100.0,0,991,8,11,32.78,0,1,0,0,22.33,108.16,0,0,1,0,1,1678.41,3523.47,1,-1.654,13.21,-0.61,1
U10160,571.41,P2P,1,Monday,0.395,4,2542.19,0,1445.02,374.49,2.0,14.71,100.0,0,832,7,6,9.13,0,1,0,0,14.41,25.52,0,0,0,1,8,3097.24,3374.51,0,-2.327,13.55,-0.604,0
U10161,726.32,P2P,22,Thursday,0.839,5,3030.7,1,865.5,404.54,4.98,16.36,53.49,0,254,8,9,7.43,0,3,0,0,20.4,7.73,0,0,0,1,5,932.0,3072.63,2,-0.343,41.33,-0.161,0
U10162,12603.0,Bill Payment,14,Wednesday,8.893,2,13252.13,2,1417.21,495.07,4.15,18.94,100.0,0,471,6,6,17.64,1,1,0,0,33.8,53.16,0,0,0,1,5,13351.12,13826.37,2,22.549,98.75,7.887,1
U10163,659.73,P2P,6,Tuesday,0.407,1,2466.44,1,1621.11,635.42,3.24,17.87,100.0,1,11,5,3,61.37,0,1,0,0,10.41,4.34,0,0,0,1,2,2249.27,4700.92,1,-1.511,14.23,-0.593,1
U10164,3469.31,Bill Payment,6,Wednesday,3.908,3,4769.6,0,887.78,725.57,4.1,20.06,100.0,0,990,8,6,3.87,0,1,0,0,13.88,1.63,1,0,0,0,6,3852.12,4344.7,0,3.553,93.84,2.905,0
U10165,608.07,P2M,0,Sunday,0.495,4,2654.74,0,1228.32,788.68,5.24,20.41,100.0,0,1300,6,8,7.76,1,2,0,0,24.21,57.99,0,0,0,1,5,1887.94,2600.68,3,-0.785,19.71,-0.505,0
U10166,3807.75,P2M,22,Thursday,4.201,2,5553.39,0,906.38,330.55,1.9,17.37,100.0,0,404,4,7,17.85,0,1,0,0,22.35,46.07,0,0,0,1,0,11149.28,14806.89,1,8.751,94.63,3.198,1
U10167,2204.31,Recharge,2,Saturday,2.328,2,6623.65,0,946.86,579.32,2.47,13.37,100.0,0,1345,11,9,6.38,0,2,0,0,33.21,16.33,0,0,1,1,5,1547.86,3112.28,2,2.167,84.41,1.327,0
U10168,1282.52,Bill Payment,18,Sunday,1.773,5,4818.37,0,723.32,301.09,4.94,16.11,29.68,1,28,13,6,44.82,0,1,0,0,33.22,81.85,0,0,0,0,3,3752.89,5361.12,2,1.851,75.85,0.772,0
U10169,1440.09,P2P,5,Sunday,0.679,5,2624.71,0,2121.07,1876.15,4.62,17.76,100.0,1,13,10,1,39.72,0,2,0,0,31.42,0.21,0,0,0,2,2,3410.13,4103.58,3,-0.363,31.56,-0.321,0
U10170,779.33,P2P,8,Wednesday,0.402,3,2892.96,0,1938.43,525.88,5.48,16.06,86.15,0,503,13,5,21.27,0,1,0,0,55.73,128.73,0,0,0,0,4,1147.22,4543.36,3,-2.2,13.93,-0.598,1
U10171,2343.25,P2M,6,Sunday,1.533,2,3449.16,1,1528.32,1109.57,2.76,15.36,88.04,0,1314,14,10,10.76,0,3,0,0,18.3,67.79,0,0,0,2,5,2530.04,4761.73,3,0.734,70.15,0.533,0
U10172,951.69,P2M,19,Sunday,0.327,2,3800.12,0,2914.82,2193.25,5.28,18.17,13.52,0,1218,11,5,14.37,0,4,0,0,3.1,24.09,0,0,0,3,5,1403.5,3515.7,3,-0.895,9.65,-0.673,0
U10173,440.37,P2P,0,Sunday,0.4,5,1784.32,0,1102.04,323.62,2.87,23.0,100.0,0,1100,6,5,8.86,0,1,0,0,3.12,36.68,0,0,1,3,5,634.96,1231.73,2,-2.038,13.8,-0.6,0
U10174,417.92,P2M,8,Wednesday,0.089,5,1402.06,1,4695.55,1698.45,4.36,16.78,80.62,0,616,9,4,8.33,0,2,0,0,50.86,60.55,0,0,0,0,2,1867.23,3704.12,0,-2.517,0.79,-0.911,0
U10175,1782.56,Bill Payment,6,Tuesday,1.646,8,3570.76,1,1083.21,541.39,5.03,17.99,100.0,0,1170,7,7,23.96,0,1,0,0,17.57,13.43,1,0,0,2,3,4891.31,12603.14,3,1.289,73.02,0.645,0
U10176,7275.82,Recharge,6,Friday,5.405,4,10628.51,0,1346.03,1096.07,2.18,14.72,100.0,1,29,10,3,51.96,0,1,0,0,15.8,65.55,0,0,0,0,4,21262.0,22210.28,0,5.405,96.69,4.402,1
U10177,1760.25,P2M,4,Sunday,1.754,3,4761.65,1,1003.33,601.04,2.32,21.11,100.0,0,1193,7,1,3.46,0,2,0,0,42.31,192.74,0,0,1,3,0,1851.87,5436.35,1,1.257,75.46,0.754,1
U10178,1332.19,P2M,21,Sunday,0.939,2,2364.42,0,1418.88,959.09,3.82,20.19,7.42,0,849,6,5,22.62,0,1,0,0,18.36,44.85,0,0,0,0,4,5432.1,5594.32,2,-0.09,46.85,-0.061,0
U10179,1996.29,P2P,9,Thursday,1.142,1,6160.31,0,1747.78,1326.49,4.88,20.01,88.67,0,775,8,4,2.01,1,1,0,0,11.48,8.54,1,0,1,1,3,3354.75,6212.03,1,0.187,56.6,0.142,0
U10180,5537.08,P2M,10,Tuesday,4.857,4,6222.54,0,1140.04,898.67,1.82,21.4,100.0,1,17,5,5,53.69,0,1,0,0,30.85,31.47,0,0,0,0,2,8166.49,10471.85,1,4.887,95.93,3.854,1
U10181,1867.96,P2P,9,Wednesday,0.7,3,2754.27,0,2669.38,1493.74,4.9,16.93,59.78,0,1421,4,5,8.18,0,1,0,0,35.54,37.83,0,0,0,3,3,7044.34,8487.4,3,-0.536,32.88,-0.3,0
U10182,994.55,P2M,23,Friday,0.744,5,3760.65,0,1336.35,776.04,2.87,17.24,46.33,0,818,7,6,5.32,0,3,0,0,29.37,16.92,0,0,0,2,4,1047.54,3262.44,2,-0.44,35.66,-0.256,0
U10183,4534.68,Bill Payment,8,Thursday,3.346,0,4713.9,0,1355.32,971.36,3.12,22.27,100.0,1,3,6,8,43.97,0,2,0,0,21.82,33.26,0,0,0,1,3,13458.93,15714.72,1,3.27,91.79,2.344,1
U10184,2303.02,P2P,8,Wednesday,2.889,3,3814.62,1,797.14,335.73,2.86,19.58,100.0,0,631,5,4,9.84,0,2,0,1,21.54,9.14,1,0,1,1,9,3502.82,5745.51,0,4.472,89.29,1.887,0
U10185,6967.25,P2P,7,Wednesday,4.809,8,8147.79,0,1448.67,1166.79,5.15,12.45,100.0,0,772,13,1,10.11,0,2,0,0,16.83,34.95,0,0,1,0,1,13636.86,14880.82,1,4.726,95.85,3.807,1
U10186,1801.64,P2P,7,Monday,1.595,3,6127.77,1,1129.76,297.7,2.02,19.14,100.0,0,1025,9,7,15.56,0,3,0,0,22.96,28.9,0,0,0,2,2,8304.14,9430.68,3,2.249,71.76,0.594,1
U10187,440.87,Recharge,2,Wednesday,0.483,3,1016.7,1,912.67,344.31,3.8,16.55,100.0,0,498,6,2,7.88,0,2,0,0,32.0,19.56,0,0,0,4,1,994.86,1844.35,1,-1.366,18.96,-0.516,1
U10188,381.86,P2M,14,Friday,0.451,5,1019.81,1,846.12,651.62,2.09,20.25,54.97,0,96,14,9,14.07,0,1,0,1,20.16,95.83,0,0,0,1,4,1882.95,2280.48,3,-0.711,16.96,-0.548,0
U10189,7817.72,P2P,0,Tuesday,1.958,5,12540.37,0,3993.29,1881.51,5.21,19.02,100.0,0,1238,8,10,15.87,0,2,0,0,14.5,26.1,0,0,0,3,3,7506.32,9098.9,4,2.032,79.3,0.957,0
U10190,8407.56,Recharge,5,Sunday,7.888,2,9599.16,1,1065.83,370.26,4.69,13.65,100.0,1,4,4,3,39.43,0,1,0,0,0.94,9.32,0,0,1,0,7,17243.29,20502.64,2,19.775,98.42,6.882,0
U10191,1253.51,P2M,4,Monday,2.012,5,4518.27,1,622.93,231.35,2.44,18.67,100.0,0,151,7,4,28.78,0,1,0,0,14.1,96.16,0,0,2,0,1,1883.74,2966.55,2,2.714,80.17,1.011,0
U10192,1022.53,P2M,6,Friday,1.167,5,2064.63,0,876.45,521.48,2.69,18.53,100.0,0,498,15,5,22.72,0,1,0,0,36.85,14.32,0,0,0,0,1,2919.13,3516.26,3,0.28,57.64,0.166,1
U10193,6468.27,Merchant,18,Thursday,5.517,2,7323.81,0,1172.47,938.0,3.03,18.91,83.94,0,667,8,5,18.01,0,1,0,0,4.19,21.1,0,0,0,1,4,7716.29,8585.03,1,5.64,96.81,4.513,0
U10194,495.8,P2P,14,Saturday,0.323,4,3870.73,1,1534.68,454.15,3.12,19.44,43.38,0,1147,7,7,2.77,0,1,0,0,18.15,49.96,0,0,0,4,4,1935.94,3734.09,3,-2.283,9.47,-0.676,1
U10195,613.08,P2P,23,Sunday,0.398,3,6097.2,0,1540.3,415.59,4.77,21.74,13.33,0,1167,14,4,2.46,0,1,0,1,8.85,66.95,0,0,0,3,1,2222.49,4018.35,3,-2.226,13.7,-0.602,0
U10196,2854.2,P2M,8,Thursday,1.754,3,6404.88,1,1627.1,898.74,3.76,19.03,100.0,0,534,12,4,34.35,0,2,0,0,17.16,33.54,1,0,0,2,3,2524.4,3313.48,0,1.364,75.46,0.754,0
U10197,1010.92,P2P,22,Friday,1.126,2,1998.49,0,897.75,782.41,3.21,18.06,18.33,0,489,11,7,4.82,0,1,0,0,10.71,26.61,1,0,1,0,1,3226.78,4843.86,1,0.144,55.9,0.126,0
U10198,1492.34,Bill Payment,1,Friday,1.067,4,2953.74,0,1398.67,603.33,4.38,20.87,100.0,0,625,3,4,13.78,0,2,0,0,17.86,163.73,0,0,0,3,3,2843.76,4260.17,1,0.155,53.23,0.067,0
U10199,1273.82,P2P,12,Thursday,1.574,4,1938.59,1,809.04,706.66,3.33,23.0,100.0,0,383,9,5,9.12,0,2,0,0,22.88,32.19,0,0,2,1,5,3036.95,5477.82,1,0.657,71.24,0.574,0
U10200,2102.32,P2P,19,Tuesday,2.315,1,2873.24,0,907.99,750.9,2.01,20.29,26.69,0,671,10,7,27.38,0,1,0,0,13.49,31.29,0,0,2,1,1,5894.98,10086.59,2,1.588,84.26,1.314,0
U10201,6128.48,P2P,12,Thursday,7.718,4,6865.15,0,794.02,344.63,1.93,18.52,100.0,0,415,7,3,24.72,0,1,0,0,16.91,24.06,0,0,1,1,1,9653.88,10707.05,2,15.434,98.35,6.71,0
U10202,1642.22,P2M,22,Tuesday,2.336,1,2705.09,0,702.96,549.02,2.8,19.08,61.77,0,118,8,6,14.6,0,1,0,0,21.09,0.87,1,0,2,2,1,5557.18,6478.41,3,1.708,84.49,1.334,0
U10203,2855.95,P2P,7,Thursday,1.474,6,4500.62,0,1937.15,1347.9,3.91,18.64,100.0,0,1078,11,4,24.82,0,1,0,0,4.11,24.55,0,0,0,0,6,8383.77,10162.63,0,0.681,68.48,0.474,0
U10204,193.07,P2P,0,Friday,0.118,2,1700.54,0,1635.91,953.22,2.04,18.05,100.0,1,16,9,4,61.14,0,2,0,0,34.54,39.02,0,0,0,0,1,975.61,3028.8,3,-1.512,1.39,-0.881,1
U10205,1428.67,Recharge,18,Tuesday,0.767,1,3924.62,1,1862.32,977.52,3.7,23.0,46.63,0,451,12,5,4.11,0,5,0,0,21.95,32.82,0,0,0,1,4,4415.38,6950.6,0,-0.443,37.06,-0.233,0
U10206,645.48,P2P,1,Tuesday,0.528,2,2355.16,0,1221.42,952.8,2.58,16.13,100.0,0,619,2,3,14.74,0,1,0,0,24.17,16.73,1,0,0,1,5,1769.76,2101.24,0,-0.604,21.86,-0.471,0
U10207,443.37,P2M,18,Saturday,0.26,2,2775.35,0,1702.14,1302.99,4.28,20.89,37.49,0,621,8,6,6.04,0,1,0,0,20.23,6.06,0,0,0,1,5,1493.77,7334.5,2,-0.965,6.37,-0.739,0
U10208,623.32,P2P,17,Wednesday,1.147,4,3219.05,0,543.21,403.07,1.61,17.69,2.81,0,62,11,3,4.54,0,1,0,0,27.9,1.28,1,0,0,3,2,1779.71,3079.31,2,0.198,56.82,0.147,0
U10209,1073.95,P2M,20,Tuesday,0.607,0,2076.22,1,1769.52,1590.56,3.38,14.3,53.42,1,5,8,2,55.66,0,1,0,0,2.81,45.58,1,0,0,1,3,2158.02,3126.72,1,-0.437,26.93,-0.393,1
U10210,3748.54,P2P,11,Friday,2.884,1,5071.07,1,1299.56,729.1,1.71,17.53,100.0,0,703,5,4,13.21,0,2,0,0,29.77,20.08,0,0,1,2,3,4452.94,5050.06,3,3.354,89.26,1.883,1
U10211,398.15,P2M,21,Saturday,0.25,3,9664.69,1,1591.25,1232.42,2.82,16.63,48.15,0,1412,5,3,21.0,0,3,0,0,11.22,20.9,0,0,1,2,9,1433.75,2531.76,2,-0.967,5.91,-0.749,0
U10212,1546.66,P2P,4,Saturday,1.086,2,2481.02,0,1423.8,1154.15,1.56,19.44,100.0,0,576,2,3,2.53,0,1,0,0,29.21,107.11,0,0,1,0,4,3630.34,4017.63,2,0.106,54.13,0.086,0
U10213,924.31,Recharge,10,Saturday,1.201,3,3350.54,2,769.62,298.26,3.38,18.23,61.0,0,1197,12,7,9.29,0,1,0,1,5.72,14.09,0,0,0,1,2,3209.71,6770.57,2,0.517,59.05,0.201,0
U10214,1080.9,Merchant,2,Sunday,1.768,2,1541.12,0,611.53,169.6,4.57,15.44,100.0,1,29,6,10,60.7,0,4,0,0,9.43,20.28,0,0,0,1,0,2319.55,3761.76,3,2.751,75.73,0.766,1
U10215,4088.68,P2P,18,Friday,4.694,3,6736.47,0,871.01,446.9,1.9,21.68,86.15,1,3,6,5,46.66,1,1,0,0,32.34,26.82,1,0,0,1,5,11588.88,12516.31,2,7.184,95.65,3.69,1
U10216,2569.16,P2P,17,Wednesday,1.66,3,3377.79,1,1547.34,1248.52,4.44,20.73,44.06,0,542,7,9,14.67,0,1,0,0,9.47,1.36,0,0,0,2,5,5984.11,9087.85,1,0.818,73.37,0.66,1
U10217,5713.68,P2P,19,Sunday,3.49,3,7262.68,1,1637.0,716.87,3.84,21.97,53.29,0,1328,11,7,3.13,1,3,0,0,30.43,9.4,0,0,0,1,2,14662.92,16029.42,1,5.679,92.41,2.489,0
U10218,1285.26,P2M,18,Tuesday,1.982,5,1670.4,0,648.4,457.13,3.52,18.59,26.81,0,406,8,1,13.42,0,1,0,0,23.08,37.37,0,0,0,2,2,2587.48,3509.86,2,1.39,79.69,0.981,0
U10219,747.91,P2P,7,Wednesday,0.969,1,2180.5,0,771.69,196.61,3.9,17.91,82.95,0,1271,5,3,3.12,0,1,0,0,6.44,167.98,0,0,1,3,4,2519.09,7240.97,3,-0.12,48.44,-0.031,1
U10220,1199.14,Recharge,1,Saturday,1.384,3,2654.56,0,866.64,416.84,2.84,19.76,100.0,0,1008,10,4,23.81,0,2,1,0,34.08,3.07,0,0,0,1,10,3712.54,4846.4,1,0.796,65.67,0.383,0
U10221,1911.64,Bill Payment,22,Sunday,1.871,3,3195.48,0,1021.77,664.24,4.34,16.56,57.14,1,14,8,6,48.33,0,2,0,0,23.17,116.47,0,0,1,5,4,5528.65,5738.32,1,1.338,77.76,0.87,0
U10222,1789.68,Recharge,11,Wednesday,2.753,3,3850.63,1,650.12,217.36,4.62,18.33,100.0,0,1136,4,5,7.64,0,1,0,0,7.46,64.09,0,0,0,2,4,5174.41,6786.19,0,5.219,88.32,1.75,0
U10223,507.16,P2M,2,Saturday,0.801,2,3689.64,2,632.8,526.99,4.61,17.56,100.0,0,789,9,6,32.64,0,1,0,0,26.04,89.13,0,0,0,0,4,1537.69,2995.69,2,-0.238,39.13,-0.198,1
U10224,1642.07,Merchant,22,Sunday,1.981,5,2277.24,0,829.03,291.47,2.58,14.35,95.66,0,914,9,3,20.62,1,3,0,0,23.33,21.01,0,0,0,0,3,2421.02,3369.54,0,2.78,79.67,0.98,0
U10225,1884.56,P2P,23,Saturday,1.511,1,3193.34,2,1247.49,1049.6,4.12,18.32,52.0,1,28,8,3,47.67,0,1,0,0,2.04,98.91,0,0,0,4,4,6234.11,7063.21,1,0.606,69.52,0.51,1
U10226,18595.86,P2M,10,Monday,26.361,1,18833.38,0,705.43,275.58,2.09,16.9,100.0,1,28,6,4,49.21,0,1,0,0,8.91,20.27,0,0,0,0,2,17338.18,19054.55,3,64.684,99.86,25.325,1
U10227,9799.29,P2P,18,Friday,8.603,4,11492.62,1,1139.07,1020.93,3.48,17.39,100.0,0,1075,11,2,6.67,0,1,0,0,15.21,0.65,0,0,0,3,3,26969.03,28121.38,2,8.474,98.66,7.596,1
U10228,639.05,Merchant,0,Tuesday,0.331,1,1229.38,0,1932.22,1242.58,1.51,18.91,100.0,0,182,5,9,36.97,0,1,0,0,9.85,21.99,0,0,0,4,2,1879.05,3176.15,3,-1.04,9.88,-0.669,0
U10229,1125.34,P2M,2,Saturday,1.685,3,2621.97,1,667.99,203.62,2.27,21.18,100.0,0,791,7,6,7.39,0,1,0,0,14.45,39.96,0,0,0,1,4,1750.03,3738.88,4,2.235,73.92,0.684,0
U10230,347.16,Recharge,6,Monday,0.317,2,2091.52,0,1093.54,319.78,4.03,15.88,100.0,0,778,10,8,6.66,1,4,0,1,19.75,0.48,1,0,1,1,5,1300.03,2540.5,2,-2.327,9.19,-0.682,1
U10231,830.9,P2P,15,Sunday,0.437,2,1120.19,0,1903.06,568.44,5.0,17.16,31.63,1,25,5,6,47.95,0,3,0,1,24.06,8.91,0,0,0,2,2,1451.74,2450.43,1,-1.883,16.03,-0.563,0
U10232,2056.63,Merchant,3,Tuesday,2.069,3,4000.5,1,994.12,629.71,1.7,16.09,100.0,1,26,11,7,48.65,0,1,0,0,16.25,68.18,0,0,0,2,4,5884.73,8449.8,3,1.685,81.04,1.068,0
U10233,5009.41,P2M,0,Wednesday,5.404,3,8088.12,0,926.97,719.54,3.73,15.92,100.0,0,44,7,3,13.43,0,1,0,0,10.07,91.27,0,0,0,2,2,11943.62,13093.51,3,5.666,96.68,4.399,1
U10234,723.53,P2M,16,Tuesday,0.357,5,2995.21,2,2025.66,1036.99,4.05,16.51,24.07,0,336,7,3,24.92,0,2,0,0,28.5,66.06,0,0,0,2,4,2172.04,3119.81,1,-1.254,11.33,-0.643,0
U10235,779.83,Merchant,18,Saturday,0.746,3,1429.26,0,1045.54,563.7,5.23,17.51,19.08,0,369,12,3,9.3,0,3,0,0,20.63,32.4,0,0,0,0,4,1278.81,1762.67,0,-0.471,35.76,-0.254,0
U10236,175.2,P2M,17,Wednesday,0.089,4,1599.8,0,1972.58,1248.72,4.12,19.46,30.94,1,19,4,5,37.16,0,1,0,0,17.31,20.45,1,0,0,0,3,801.17,1563.29,4,-1.438,0.79,-0.911,1
U10237,1274.81,P2M,19,Saturday,0.876,3,2824.14,0,1455.51,868.18,1.91,18.8,0.0,0,920,4,5,24.74,0,4,0,1,22.91,64.25,0,0,0,1,2,2457.33,3023.97,1,-0.208,43.42,-0.124,1
U10238,518.43,P2M,19,Monday,0.504,8,1846.85,2,1028.44,717.07,2.09,15.36,31.37,1,11,9,7,54.37,0,1,0,0,4.87,31.36,0,0,1,2,5,1356.26,1806.09,6,-0.71,20.29,-0.495,1
U10239,883.4,P2P,14,Thursday,0.593,2,1320.68,0,1489.12,828.93,4.04,21.24,73.75,0,195,7,4,17.9,0,1,0,0,40.93,22.55,0,0,0,2,4,2696.88,3535.48,4,-0.73,26.05,-0.406,0
U10240,624.13,P2P,12,Sunday,0.45,1,1371.41,0,1386.14,989.72,2.36,20.36,71.4,1,19,8,2,70.74,0,2,0,0,6.04,50.64,0,0,1,2,3,1455.17,3487.12,0,-0.769,16.88,-0.549,1
U10241,1365.07,P2P,20,Sunday,0.719,7,2602.42,0,1899.74,1706.45,5.21,15.75,46.64,0,993,8,6,9.77,0,1,0,0,51.06,51.97,0,0,0,0,7,3475.92,5041.32,2,-0.313,34.06,-0.281,0
U10242,258.65,P2P,8,Tuesday,0.276,2,1984.81,0,937.6,447.89,5.18,21.06,100.0,0,1403,8,4,17.66,0,3,0,0,7.46,16.67,0,0,0,3,4,1160.36,2381.95,1,-1.513,7.11,-0.723,0
U10243,345.91,Recharge,2,Wednesday,0.283,6,1275.18,0,1222.46,315.32,5.29,18.82,100.0,0,1234,14,3,4.39,1,1,0,0,29.55,19.09,0,0,0,1,2,1620.26,3827.93,2,-2.771,7.44,-0.716,1
U10244,12612.8,P2M,18,Wednesday,10.806,4,12819.04,1,1167.24,387.12,2.67,17.61,100.0,0,1143,15,6,22.64,0,3,0,0,30.86,6.68,0,0,0,1,2,6636.32,7649.83,1,29.49,99.15,9.797,0
U10245,413.97,P2M,6,Thursday,0.251,3,1392.28,1,1647.38,1004.55,4.37,18.9,100.0,0,497,11,2,9.36,1,3,0,1,24.44,30.99,0,0,0,0,2,1370.85,3300.85,4,-1.227,5.96,-0.748,0
U10246,500.91,P2M,23,Thursday,0.662,1,4915.88,2,756.53,358.42,4.15,17.94,61.08,1,28,10,3,38.99,0,3,0,0,21.35,37.26,0,0,0,1,4,625.51,3121.57,1,-0.711,30.51,-0.337,0
U10247,9415.7,P2M,9,Monday,4.965,5,11369.27,0,1896.41,1632.79,1.64,19.36,100.0,0,150,5,3,11.62,0,1,0,1,13.15,6.44,0,0,0,0,6,8288.65,8504.65,1,4.602,96.1,3.963,0
U10248,27399.71,P2M,20,Saturday,18.511,1,29089.32,1,1480.19,973.73,2.56,18.47,100.0,1,7,6,6,53.9,0,1,0,0,18.75,11.84,0,0,0,4,3,31384.75,32936.25,2,26.591,99.71,17.499,1
U10249,464.82,Merchant,1,Tuesday,0.701,5,1201.96,0,663.45,390.26,2.33,17.16,100.0,0,235,9,8,18.46,0,1,0,0,29.36,16.25,0,0,1,0,3,1822.3,3946.66,2,-0.508,32.95,-0.299,0
U10250,1037.92,Merchant,15,Wednesday,0.502,3,2054.42,0,2066.88,1588.86,2.98,12.94,33.24,0,300,8,6,9.63,0,1,0,0,11.47,3.11,0,0,0,0,5,2926.76,4947.88,1,-0.647,20.15,-0.498,0
U10251,2110.7,P2M,10,Saturday,0.644,2,2298.36,1,3279.41,1371.07,5.31,19.32,80.17,1,19,7,2,57.03,0,2,0,0,30.43,20.3,0,0,0,2,4,5946.7,7563.54,2,-0.852,29.3,-0.356,0
U10252,8449.97,P2P,11,Friday,4.486,0,9142.85,0,1883.53,1474.48,4.88,17.07,100.0,0,94,8,6,17.34,0,1,0,0,27.55,35.53,0,0,0,1,3,12807.54,13866.04,0,4.45,95.26,3.484,1
U10253,559.12,P2M,6,Wednesday,0.245,4,2441.63,0,2280.66,574.7,2.67,19.94,100.0,1,16,9,6,45.2,0,1,0,0,24.36,45.03,0,0,1,3,3,1775.57,3115.22,3,-2.99,5.68,-0.755,1
U10254,1173.73,P2M,23,Sunday,0.941,2,2872.76,1,1247.0,814.03,3.62,19.2,51.97,1,16,6,5,50.01,0,3,0,0,6.44,118.16,0,0,1,1,9,1232.76,4951.94,2,-0.09,46.98,-0.059,1
U10255,3263.51,P2M,9,Wednesday,5.744,3,4119.45,2,568.16,487.25,2.27,17.13,100.0,0,962,11,5,28.76,0,1,0,0,6.96,29.18,0,0,1,2,2,11734.49,12016.25,2,5.52,97.05,4.736,0
U10256,2316.9,Bill Payment,20,Thursday,4.427,1,3644.4,0,523.34,398.84,2.61,20.56,51.67,0,287,7,9,14.2,0,1,0,0,5.52,148.89,0,0,1,0,3,3002.25,3877.88,6,4.486,95.13,3.421,1
U10257,1029.74,P2M,10,Tuesday,0.765,1,2538.0,2,1345.96,1083.31,1.76,18.51,76.98,0,1305,4,4,17.86,1,2,0,1,28.03,50.64,0,0,0,1,2,1555.6,3116.45,0,-0.292,36.93,-0.235,0
U10258,1312.12,P2P,1,Tuesday,1.427,0,2208.08,0,919.37,467.06,4.07,18.41,100.0,0,39,10,4,7.37,0,1,0,0,20.09,15.69,1,0,0,0,2,4627.02,5087.07,2,0.839,67.06,0.427,0
U10259,379.3,P2P,21,Thursday,0.477,3,2415.34,0,795.14,624.79,4.13,17.65,28.78,0,1491,10,6,3.95,1,3,0,0,11.06,23.74,0,0,0,0,1,886.35,2158.09,1,-0.665,18.58,-0.522,0
U10260,1182.1,P2M,4,Thursday,1.013,1,2858.04,0,1166.59,709.33,4.85,22.21,100.0,1,23,10,4,60.8,0,2,0,0,14.65,20.62,1,0,1,1,4,1658.24,4247.92,3,0.022,50.66,0.013,0
U10261,1149.21,P2P,6,Saturday,0.726,2,2196.81,0,1583.02,1032.21,4.99,16.22,93.45,0,327,9,3,28.61,0,1,0,0,22.42,71.92,0,0,1,2,3,4101.48,6405.91,0,-0.42,34.52,-0.274,0
U10262,1892.0,P2P,20,Wednesday,3.031,1,2359.66,0,624.12,179.93,2.14,17.19,54.18,0,319,5,4,20.89,0,2,0,0,21.91,128.43,0,0,0,1,3,1549.13,3089.12,1,7.008,90.17,2.028,1
U10263,860.83,Bill Payment,21,Sunday,0.878,2,1846.72,0,980.52,373.59,4.47,14.91,52.93,1,18,7,9,38.02,0,1,0,0,8.18,7.15,0,0,1,2,5,747.94,2507.82,1,-0.32,43.53,-0.122,0
U10264,2403.69,P2M,22,Friday,1.015,3,3335.18,2,2367.33,1439.64,2.04,19.82,14.88,0,1217,8,3,5.83,0,3,0,0,37.46,18.26,0,0,0,1,6,4203.5,4308.94,2,0.025,50.76,0.015,0
U10265,4129.6,P2P,10,Monday,5.583,2,4983.92,1,739.66,213.19,2.99,16.54,100.0,1,14,7,5,64.34,0,3,0,0,0.75,26.39,0,0,0,0,2,5914.59,6518.66,2,15.827,96.88,4.577,1
U10266,1752.24,P2M,18,Saturday,0.987,2,2055.48,0,1774.85,1299.08,3.56,16.82,3.96,0,118,9,7,7.02,0,1,0,0,20.4,12.37,1,0,1,1,4,5639.21,6594.7,1,-0.017,49.36,-0.013,0
U10267,2132.34,Bill Payment,7,Friday,2.21,2,5782.62,1,964.83,768.04,1.7,16.71,96.44,0,755,8,3,19.04,0,2,1,0,28.17,97.63,0,0,0,1,5,5197.45,6392.31,1,1.518,82.99,1.209,1
U10268,1581.89,P2P,17,Wednesday,1.031,4,5112.62,0,1534.08,1301.26,2.13,18.16,5.3,0,734,6,4,29.34,0,2,0,0,12.08,4.99,0,0,0,2,1,3168.34,5840.02,4,0.037,51.53,0.031,0
U10269,1500.13,Recharge,12,Thursday,0.763,3,2790.57,2,1966.23,621.62,2.58,14.87,22.06,0,508,8,6,1.47,0,2,0,0,17.27,1.14,0,0,0,3,4,1657.67,6548.88,1,-0.749,36.8,-0.237,0
U10270,728.99,Merchant,1,Wednesday,0.435,2,2449.11,1,1675.14,1441.99,2.01,12.39,100.0,0,1357,9,5,8.56,0,1,0,0,8.06,15.3,0,0,0,1,1,1923.77,3246.35,4,-0.656,15.94,-0.564,0
U10271,2058.46,P2M,10,Friday,1.139,4,4069.05,0,1806.59,531.05,5.24,19.14,84.64,0,533,5,3,8.59,0,2,0,0,12.69,151.23,0,0,0,1,4,6798.39,8080.13,1,0.473,56.49,0.139,0
U10272,1360.94,Bill Payment,11,Thursday,1.904,2,2667.5,0,714.7,398.9,2.65,12.72,21.94,1,27,5,9,45.11,0,2,0,0,41.93,14.77,0,0,0,1,1,1798.76,3327.99,0,1.616,78.36,0.903,0
U10273,12165.86,P2P,6,Thursday,6.142,1,13977.09,0,1980.74,1576.99,3.5,20.14,100.0,0,1024,8,2,5.71,0,3,0,0,27.46,4.4,0,0,0,1,2,7728.78,8546.36,1,6.454,97.42,5.139,1
U10274,7234.2,Merchant,8,Tuesday,8.848,2,9453.0,1,817.59,241.76,5.49,21.9,100.0,0,938,7,6,11.73,0,1,0,0,14.81,10.64,0,0,0,2,5,9702.46,13737.07,0,26.432,98.74,7.839,1
U10275,2206.29,P2M,12,Wednesday,1.636,2,3836.16,0,1348.67,353.15,3.77,17.59,74.43,0,942,10,3,20.65,0,1,0,0,7.85,63.35,0,0,0,1,0,5617.23,6352.72,3,2.422,72.79,0.635,0
U10276,699.36,Merchant,1,Thursday,0.519,2,3198.86,1,1347.88,358.83,3.15,21.25,100.0,0,770,7,5,21.55,0,1,0,0,13.61,18.34,0,0,2,0,3,2858.02,3621.58,3,-1.802,21.23,-0.481,0
U10277,493.15,P2M,3,Thursday,0.33,3,1322.84,0,1492.76,869.27,5.22,17.94,100.0,0,498,4,1,18.16,0,1,0,0,20.1,4.28,0,0,0,2,2,1219.26,2219.62,1,-1.149,9.86,-0.669,0
U10278,4936.26,P2P,18,Wednesday,3.535,2,6359.74,0,1396.48,1085.82,2.39,22.0,76.29,0,408,7,3,13.5,0,2,0,0,13.58,4.57,0,0,0,0,4,7964.43,12392.34,3,3.257,92.58,2.533,0
U10279,1950.75,P2P,8,Friday,2.376,2,9212.28,0,820.87,273.21,2.22,16.86,95.9,1,9,11,4,54.39,0,1,0,0,14.91,18.27,0,0,0,1,3,5758.59,7868.91,1,4.12,84.94,1.375,0
U10280,2424.46,Bill Payment,14,Tuesday,3.709,1,5336.51,0,653.69,216.37,3.64,12.09,57.4,1,16,7,8,66.7,0,4,0,0,0.57,46.29,0,0,0,0,3,3966.14,5482.91,2,8.146,93.21,2.705,0
U10281,262.08,P2M,13,Thursday,0.147,6,1919.74,1,1776.91,1100.89,3.21,17.8,63.46,1,1,14,5,61.36,1,1,0,0,18.38,23.5,0,0,0,2,2,565.86,1787.89,4,-1.375,2.14,-0.852,1
U10282,3792.04,P2P,13,Monday,2.907,4,4428.7,0,1304.67,524.86,4.69,22.27,100.0,0,626,11,6,28.31,0,1,0,1,15.63,46.04,0,0,0,0,2,6532.96,7973.09,2,4.73,89.41,1.905,0
U10283,2362.89,Bill Payment,9,Thursday,1.174,1,3842.63,0,2012.83,1458.57,1.67,19.34,95.83,0,1116,10,7,35.55,0,3,0,0,33.08,54.51,0,0,0,1,5,3876.31,4492.02,1,0.24,57.95,0.174,0
U10284,494.13,Recharge,11,Saturday,0.42,0,3273.62,0,1176.09,1019.98,3.97,16.71,61.97,0,1212,12,5,26.94,0,2,0,0,12.99,51.28,0,0,0,0,4,403.0,589.64,2,-0.668,15.03,-0.579,0
U10285,936.07,P2M,19,Saturday,1.468,0,3331.5,1,637.63,476.9,4.34,18.82,16.45,0,851,13,10,22.19,1,1,0,0,26.08,9.41,0,0,0,1,3,2786.92,5633.32,2,0.624,68.28,0.467,0
U10286,1952.64,P2M,23,Friday,1.053,6,2180.38,0,1853.51,1520.18,5.39,20.43,34.98,0,183,10,4,7.04,0,1,0,0,29.85,23.09,0,0,0,2,3,2241.13,2751.46,1,0.065,52.6,0.053,0
U10287,1580.8,P2P,6,Saturday,1.556,5,1896.79,1,1015.78,597.01,2.08,17.79,100.0,1,3,7,5,40.3,0,1,0,0,27.49,10.34,0,0,0,1,1,3528.99,7448.44,4,0.945,70.76,0.556,0
U10288,1119.96,Bill Payment,16,Monday,0.8,5,1452.14,0,1399.65,1107.13,2.48,23.0,80.27,0,365,3,5,10.47,0,4,0,0,18.1,25.46,0,0,0,0,2,5006.45,7165.81,0,-0.252,39.04,-0.2,0
U10289,1352.53,P2P,23,Wednesday,1.508,2,3386.26,0,896.7,330.78,5.23,16.71,70.62,0,445,8,5,19.54,1,1,0,0,21.71,35.35,0,0,0,0,3,3766.38,5089.26,4,1.374,69.45,0.508,0
U10290,1165.89,Recharge,0,Friday,0.464,4,1502.95,0,2514.96,740.47,4.02,20.51,100.0,0,138,5,8,19.4,0,1,0,0,29.69,5.06,1,0,0,1,2,2641.37,4666.9,1,-1.819,17.7,-0.536,1
U10291,1747.22,P2M,18,Saturday,2.16,5,2358.46,1,808.86,547.09,1.65,19.9,41.95,1,12,5,2,43.24,0,1,1,0,14.81,14.34,1,0,0,2,3,2493.01,4163.79,1,1.712,82.33,1.159,0
U10292,6533.59,P2M,11,Friday,6.337,2,7803.42,0,1030.95,292.55,1.81,16.25,100.0,0,569,6,4,6.44,0,1,0,0,19.95,14.09,0,0,0,1,1,4550.58,6010.24,1,18.745,97.57,5.332,0
U10293,115.19,P2P,23,Saturday,0.091,2,3216.36,0,1259.45,1045.49,4.64,16.94,81.01,0,1121,8,3,6.89,1,2,0,0,10.19,47.94,0,0,0,1,7,1967.91,3521.43,0,-1.093,0.84,-0.908,1
U10294,1183.66,P2P,13,Tuesday,1.612,5,3287.55,0,734.06,513.48,3.77,20.55,65.38,0,336,11,4,24.94,0,3,0,0,33.64,72.89,0,0,0,2,4,3139.29,6012.32,1,0.874,72.2,0.612,1
U10295,1789.57,Bill Payment,20,Tuesday,1.285,2,2941.95,0,1392.44,1209.93,3.76,18.36,22.88,0,45,5,2,9.22,0,1,0,0,24.56,1.68,0,0,0,0,1,2835.4,4898.25,1,0.328,62.28,0.285,0
U10296,2016.69,P2M,3,Monday,0.814,1,4566.03,1,2478.57,1125.34,5.02,18.85,100.0,1,17,13,4,50.22,1,1,0,1,6.6,0.33,1,0,1,1,4,4910.08,6293.57,1,-0.41,39.84,-0.186,1
U10297,1034.12,P2M,3,Friday,1.075,1,6313.01,2,962.34,544.69,2.46,13.91,96.27,0,721,7,5,7.94,0,1,0,0,21.93,243.48,0,0,0,1,3,3717.99,6255.44,3,0.132,53.59,0.075,0
U10298,258.91,Merchant,22,Friday,0.181,3,1748.77,1,1433.52,1049.48,2.14,19.64,31.6,0,735,8,7,11.38,0,1,0,0,24.25,168.2,0,0,1,0,3,647.01,4885.84,2,-1.118,3.18,-0.819,1
U10299,2082.27,Merchant,12,Tuesday,5.98,3,2523.02,0,348.22,142.01,3.96,18.72,100.0,0,672,9,6,8.35,0,1,0,0,38.2,5.66,0,0,0,0,4,6218.48,7584.08,0,12.125,97.27,4.965,0
U10300,8438.59,Recharge,13,Saturday,7.156,2,9069.92,0,1179.16,710.09,5.03,17.84,100.0,0,1440,4,3,19.03,0,2,0,0,34.01,121.96,0,0,0,0,3,17068.58,17946.99,0,10.209,98.08,6.151,1
U10301,323.55,P2P,4,Saturday,0.31,2,949.38,0,1042.32,707.37,2.56,18.9,100.0,0,988,5,4,16.48,0,1,0,0,23.56,29.86,0,0,0,1,2,548.61,3215.85,0,-1.015,8.82,-0.689,0
U10302,3558.34,P2M,5,Wednesday,4.286,2,4320.12,0,830.27,735.81,4.23,16.98,100.0,1,10,6,4,41.89,0,4,0,0,5.18,0.62,1,0,0,2,4,9070.19,10450.55,3,3.703,94.83,3.282,1
U10303,1079.98,Recharge,19,Tuesday,0.553,5,2168.15,1,1952.23,1433.05,2.11,16.52,29.33,1,14,10,4,57.5,1,2,0,0,17.94,43.59,0,0,0,1,4,3088.3,6334.87,3,-0.608,23.45,-0.447,1
U10304,1410.78,P2M,7,Saturday,1.362,1,3174.55,0,1036.15,338.6,2.19,17.4,100.0,0,714,9,7,2.72,1,1,0,1,20.19,78.65,0,0,0,2,4,4112.27,4723.96,1,1.103,64.95,0.361,1
U10305,523.39,P2P,14,Friday,0.472,5,898.44,0,1107.89,619.27,5.11,16.84,29.41,0,943,7,4,18.85,0,4,0,0,15.78,92.58,0,0,0,1,1,2051.84,3129.3,3,-0.942,18.28,-0.527,1
U10306,1073.59,Recharge,7,Tuesday,1.06,0,1524.56,0,1012.66,640.71,1.97,23.0,100.0,0,889,8,4,12.72,0,3,1,0,33.35,2.19,0,0,0,0,0,2307.78,7453.92,3,0.095,52.92,0.06,0
U10307,5504.19,P2M,6,Tuesday,10.867,2,7708.95,2,506.49,174.89,1.6,20.28,100.0,0,1421,4,5,17.51,0,1,0,0,30.03,15.98,1,0,1,1,6,9656.12,10696.45,2,28.414,99.16,9.848,1
U10308,2686.18,P2M,3,Thursday,3.725,5,3621.35,0,721.03,382.71,4.6,15.58,100.0,0,729,14,5,16.92,0,1,0,0,26.97,26.63,0,0,0,5,3,5530.72,8848.55,0,5.121,93.27,2.722,0
U10309,8480.56,Merchant,22,Thursday,4.586,5,9168.76,0,1849.31,803.72,2.95,23.0,85.87,0,576,9,4,7.37,1,1,0,0,34.94,14.15,0,0,0,2,6,7684.45,8536.63,2,8.24,95.46,3.584,0
U10310,4868.94,P2M,22,Tuesday,10.486,3,6059.04,1,464.33,151.95,3.09,16.92,100.0,1,18,9,6,45.89,1,1,0,0,22.71,19.83,0,0,0,1,3,14783.6,17315.07,2,28.798,99.1,9.466,0
U10311,2326.93,P2M,2,Sunday,2.738,1,5799.21,1,850.0,495.4,4.7,18.07,100.0,0,525,11,8,9.36,0,1,0,0,21.39,33.05,0,0,0,0,3,2489.84,3209.29,1,2.975,88.21,1.736,0
U10312,8579.71,P2M,8,Wednesday,8.559,2,11002.79,0,1002.45,358.54,2.22,20.24,100.0,0,868,7,5,3.81,0,2,0,0,26.14,2.95,0,0,0,2,6,19138.03,21852.04,0,21.075,98.65,7.551,1
U10313,2326.72,P2M,13,Wednesday,0.885,1,4634.01,0,2629.91,1666.97,4.1,13.08,0.12,1,1,12,4,38.67,0,5,0,0,3.27,1.85,0,0,1,3,4,4456.11,5703.11,1,-0.182,43.91,-0.115,0
U10314,3433.06,P2P,9,Monday,2.024,0,7736.49,1,1695.87,611.03,2.75,17.41,74.31,0,273,11,7,4.17,0,2,0,0,15.39,6.29,1,0,1,0,3,9063.95,10133.11,0,2.838,80.38,1.024,0
U10315,1115.04,Bill Payment,17,Sunday,1.194,3,2940.99,1,933.88,672.71,1.92,16.57,0.89,0,114,7,7,11.06,0,3,0,0,10.56,1.97,0,0,0,1,2,2597.81,3868.84,3,0.269,58.76,0.194,0
U10316,1603.21,Recharge,6,Tuesday,0.743,0,6169.86,0,2158.37,813.5,4.25,18.51,98.56,0,644,8,9,14.77,0,1,0,0,26.91,7.57,0,0,2,0,5,1634.84,3203.2,3,-0.682,35.56,-0.257,0
U10317,746.8,P2P,1,Sunday,0.868,4,5556.88,1,859.92,715.96,2.77,18.93,100.0,0,1399,10,2,11.21,0,3,0,0,34.47,18.31,0,0,0,0,2,770.53,2557.06,1,-0.158,43.0,-0.131,0
U10318,4035.17,P2P,8,Thursday,2.135,3,4422.76,0,1889.7,504.62,4.97,17.81,97.76,0,134,4,5,23.93,0,2,0,0,18.8,7.5,0,0,0,1,2,6335.41,6890.57,2,4.243,82.01,1.135,1
U10319,461.7,Recharge,14,Sunday,0.709,6,745.03,2,651.05,383.66,5.18,17.69,35.04,0,1463,10,5,20.14,0,2,0,0,2.51,1.86,0,0,0,3,7,905.81,2837.63,0,-0.492,33.49,-0.29,0
U10320,3279.91,P2P,4,Tuesday,1.686,6,3868.04,1,1945.05,890.97,4.9,20.66,100.0,0,1307,5,4,21.45,0,1,0,1,61.75,17.89,0,0,1,3,7,8358.04,8796.11,4,1.497,73.97,0.686,1
U10321,1239.63,P2M,19,Tuesday,1.24,3,4481.08,0,999.56,396.13,2.79,18.75,11.12,0,38,9,5,6.02,0,1,0,0,20.67,5.11,0,0,0,1,3,3555.22,6548.5,2,0.605,60.59,0.24,0
U10322,4839.02,P2M,0,Saturday,6.406,3,6048.58,0,755.4,420.41,2.45,18.1,100.0,0,52,10,5,30.27,0,1,1,0,27.06,12.22,0,0,0,1,5,7108.92,9142.35,1,9.69,97.62,5.399,1
U10323,3178.26,Bill Payment,1,Saturday,2.92,4,4270.76,0,1088.29,867.71,5.07,18.37,100.0,0,1353,9,7,19.73,0,1,0,0,39.73,35.26,0,0,0,1,4,8563.63,10594.27,2,2.406,89.49,1.919,1
U10324,9263.77,P2P,12,Thursday,6.814,4,11861.36,0,1359.51,1148.69,3.31,22.59,100.0,0,890,6,1,5.24,0,1,0,0,52.69,55.56,0,0,1,1,2,10784.17,13477.03,1,6.875,97.89,5.81,1
U10325,3115.03,Bill Payment,12,Monday,3.243,4,4010.65,0,960.49,429.45,4.33,18.43,100.0,0,285,5,5,7.66,0,5,1,0,18.34,9.03,0,0,0,1,4,8792.37,10875.88,2,5.005,91.31,2.241,0
U10326,311.43,P2M,7,Sunday,0.202,2,1967.67,1,1539.72,539.3,4.81,16.71,97.37,0,1432,8,6,24.09,0,1,0,0,45.46,66.59,0,0,0,0,1,1188.67,5551.83,0,-2.273,3.95,-0.797,1
U10327,1402.86,P2M,6,Wednesday,1.52,4,3606.87,0,923.09,662.86,2.61,13.23,72.3,0,855,4,1,3.24,0,3,0,0,17.66,37.53,0,0,0,1,0,4669.53,5398.51,0,0.723,69.77,0.519,0
U10328,464.62,P2P,1,Sunday,0.293,4,1103.9,2,1586.43,996.75,1.98,14.42,100.0,0,963,9,3,18.8,0,1,0,0,2.59,59.27,1,0,0,2,2,928.11,1462.05,1,-1.124,7.92,-0.707,0
U10329,893.32,P2M,15,Sunday,0.61,3,1403.99,2,1464.22,557.37,4.0,16.83,30.19,0,1026,11,9,14.31,0,2,0,0,27.24,56.36,0,0,0,0,5,2052.67,6515.05,2,-1.022,27.14,-0.39,0
U10330,6798.44,P2M,9,Saturday,5.823,5,8281.91,0,1167.55,868.88,3.86,17.73,100.0,0,326,6,3,18.83,0,4,0,0,53.72,42.82,0,0,0,0,6,12983.53,15072.55,0,6.473,97.13,4.819,1
U10331,2837.71,P2P,2,Friday,2.884,5,4468.57,0,983.83,577.81,2.58,16.61,100.0,0,557,6,6,18.3,0,2,0,0,1.99,122.7,0,0,0,1,2,5983.92,8238.73,3,3.203,89.26,1.882,1
U10332,745.68,P2P,9,Friday,0.58,5,3204.13,1,1284.69,866.79,3.84,18.88,84.58,1,7,10,4,37.48,0,1,1,0,8.87,26.27,0,0,1,0,3,2794.43,3465.74,1,-0.621,25.22,-0.419,1
U10333,544.3,P2P,22,Thursday,0.354,4,1118.6,0,1537.16,743.33,4.66,16.58,54.64,0,807,8,4,24.66,0,2,0,0,45.12,62.48,0,0,0,1,2,2258.74,4429.47,6,-1.334,11.16,-0.645,0
U10334,1549.99,P2P,6,Monday,0.511,2,2332.58,1,3034.76,1624.85,2.9,15.71,85.7,0,1481,12,4,14.76,0,1,0,0,42.31,29.5,1,0,0,1,5,2088.58,3528.71,3,-0.913,20.7,-0.489,0
U10335,444.37,P2P,21,Wednesday,0.243,3,5222.82,0,1831.36,672.52,2.47,19.53,21.98,0,952,8,5,22.73,0,1,0,0,8.95,64.69,0,0,0,0,1,932.35,3436.52,0,-2.059,5.58,-0.757,0
U10336,766.69,Merchant,6,Saturday,0.412,3,3633.6,3,1861.75,1380.93,4.4,21.42,100.0,0,1047,10,6,3.55,0,1,0,0,32.57,22.51,0,0,1,2,6,898.06,2529.53,2,-0.792,14.52,-0.588,1
U10337,2049.25,P2M,4,Saturday,0.425,3,3350.03,0,4817.0,1695.86,4.64,15.23,100.0,0,315,15,4,9.97,0,3,0,0,25.06,28.0,1,0,1,0,3,3426.85,4862.42,1,-1.631,15.33,-0.574,0
U10338,4762.52,Recharge,6,Thursday,3.146,3,7950.51,0,1513.62,1144.14,5.32,18.61,100.0,0,826,11,7,6.22,1,1,0,0,14.69,20.03,0,0,0,1,6,6610.23,8255.97,6,2.837,90.82,2.145,0
U10339,2757.23,Merchant,7,Friday,1.847,5,3333.59,0,1492.44,1147.25,2.09,13.24,69.08,0,1491,5,4,30.87,0,3,0,0,23.25,107.99,1,0,0,1,2,7814.36,8777.5,1,1.101,77.33,0.847,0
U10340,151.7,P2P,2,Monday,0.092,1,1336.55,0,1647.28,1211.23,5.06,14.31,100.0,1,22,13,2,59.98,0,3,0,0,16.51,32.57,1,0,0,4,5,880.31,2021.84,4,-1.234,0.85,-0.907,0
U10341,2033.65,Bill Payment,14,Thursday,2.669,2,3654.1,1,762.07,200.14,4.56,16.53,44.89,0,329,6,4,6.95,0,1,0,0,20.15,31.29,0,0,0,0,6,2703.57,6129.44,1,6.322,87.67,1.666,0
U10342,1612.04,Recharge,8,Thursday,1.64,2,2690.99,0,982.72,420.15,4.31,20.84,100.0,0,1088,8,6,16.25,0,3,0,0,11.19,6.38,1,0,2,1,2,4254.94,6462.43,3,1.494,72.89,0.64,1
U10343,2269.04,P2M,17,Sunday,2.375,4,3379.3,0,955.56,529.78,2.75,16.05,29.34,0,45,6,2,3.22,0,1,0,0,21.16,8.15,0,0,1,0,3,6170.55,7538.7,4,2.475,84.92,1.373,0
U10344,7550.96,P2M,11,Wednesday,4.702,2,9922.83,0,1606.0,1023.19,1.59,15.96,100.0,0,333,7,2,6.84,0,1,0,0,34.03,3.48,0,0,3,3,2,16581.71,18776.56,1,5.805,95.67,3.699,1
U10345,190.56,P2M,10,Tuesday,0.172,0,3085.33,0,1109.54,940.33,3.53,18.09,96.86,0,1418,15,7,23.8,0,1,0,0,7.16,39.28,0,0,0,0,2,740.83,2707.8,1,-0.976,2.89,-0.828,0
U10346,830.57,P2P,11,Wednesday,0.65,4,1817.68,1,1277.01,631.03,2.64,18.09,71.61,0,58,10,7,2.2,0,1,0,0,10.46,76.63,0,0,0,0,2,3508.2,4673.84,2,-0.706,29.74,-0.349,0
U10347,2708.44,P2M,3,Tuesday,1.384,2,3118.49,1,1957.52,1602.75,2.66,16.04,100.0,0,660,10,4,12.93,0,1,0,0,3.97,40.8,0,0,0,1,1,3924.57,4888.3,2,0.468,65.68,0.383,0
U10348,308.47,Merchant,17,Thursday,0.174,4,635.41,0,1769.57,630.37,5.21,22.97,52.62,0,515,12,6,12.39,0,1,0,0,15.43,10.99,0,0,0,3,2,1274.53,2411.31,1,-2.314,2.96,-0.825,0
U10349,6562.78,Merchant,2,Friday,5.882,4,6727.4,1,1115.77,548.21,2.11,17.34,100.0,0,615,10,4,28.98,0,1,1,0,9.3,26.79,0,0,1,0,4,10674.37,13756.76,2,9.918,97.19,4.877,0
U10350,2168.04,P2P,17,Saturday,2.442,3,6423.22,0,887.65,252.08,5.24,18.28,28.38,0,409,9,6,10.1,0,3,0,0,3.55,6.48,0,0,0,0,5,3126.32,4488.49,2,5.059,85.63,1.441,0
U10351,3497.5,Bill Payment,23,Sunday,1.749,0,5876.42,1,2000.1,1465.31,3.52,17.0,75.53,0,435,11,3,39.06,0,1,0,0,9.48,17.88,0,0,0,2,5,9082.01,12449.18,2,1.021,75.35,0.748,0
U10352,847.49,P2P,18,Monday,0.499,1,2867.64,0,1699.91,591.44,4.85,19.1,4.67,0,1148,4,7,9.6,0,2,0,0,31.48,29.55,0,0,0,2,6,2361.26,3422.39,2,-1.439,19.93,-0.501,0
U10353,3384.58,Merchant,10,Tuesday,5.811,2,4267.18,0,582.46,242.92,2.63,21.09,100.0,0,67,5,4,6.15,1,1,0,0,39.96,40.56,0,0,0,0,2,2169.42,3042.54,7,11.488,97.12,4.803,1
U10354,4366.39,P2P,7,Wednesday,4.189,1,5244.65,0,1042.27,785.77,4.04,22.16,100.0,1,28,4,3,35.45,0,1,0,0,37.86,37.21,0,1,1,2,2,4564.31,5983.71,1,4.225,94.6,3.186,1
U10355,1893.34,Merchant,20,Tuesday,1.465,4,4854.01,0,1292.79,772.53,3.73,16.09,40.26,0,418,9,4,16.67,1,1,0,0,36.58,59.09,1,0,0,0,4,4353.86,6230.98,3,0.776,68.19,0.464,0
U10356,1896.23,Recharge,6,Saturday,1.113,6,2181.06,0,1703.69,441.4,5.2,20.75,100.0,1,22,6,2,46.09,1,1,0,0,14.78,30.08,0,0,0,1,2,2177.17,3825.21,5,0.435,55.33,0.113,0
U10357,1965.62,P2P,11,Monday,1.088,2,2988.51,2,1807.36,454.47,2.22,19.37,79.39,0,608,8,11,2.92,0,2,0,1,15.1,162.25,1,0,0,1,5,2228.28,4277.72,2,0.347,54.18,0.088,0
U10358,632.62,P2P,18,Monday,0.464,3,3891.3,0,1363.53,793.48,2.32,20.44,28.78,0,81,5,5,14.79,0,1,0,0,42.38,55.51,0,0,0,0,2,1576.07,3670.11,4,-0.92,17.74,-0.536,0
U10359,1294.26,Recharge,22,Sunday,0.829,4,2315.64,0,1561.56,699.92,5.3,17.77,44.19,0,794,7,4,9.82,0,2,0,0,25.15,45.88,0,0,0,2,4,4171.94,6600.94,3,-0.381,40.73,-0.171,0
U10360,1287.81,P2P,22,Sunday,1.043,4,3580.86,0,1235.14,453.55,1.89,17.53,32.67,0,952,7,4,15.88,0,1,0,1,9.97,61.79,0,0,0,0,8,1571.36,2261.25,0,0.116,52.09,0.043,0
U10361,2200.88,P2M,2,Tuesday,2.484,4,3542.99,0,886.11,574.94,4.04,20.34,100.0,0,702,4,7,7.87,0,2,0,0,49.78,110.0,1,0,0,0,6,5818.3,6808.76,1,2.283,86.03,1.482,1
U10362,4076.71,Merchant,21,Wednesday,3.821,7,4127.3,1,1066.9,425.14,1.74,20.39,60.12,0,160,12,3,10.9,0,4,0,0,9.86,23.57,0,0,0,3,2,11423.36,13143.63,3,7.063,93.58,2.818,0
U10363,520.45,P2M,2,Thursday,0.43,0,1818.39,0,1210.3,768.46,1.81,21.91,100.0,0,1322,12,5,11.85,0,4,0,0,39.76,4.85,1,0,0,1,4,3301.95,4471.48,2,-0.897,15.63,-0.57,0
U10364,1323.73,P2M,14,Thursday,1.12,3,2830.12,1,1181.42,586.6,3.89,18.5,35.27,0,1291,8,7,10.59,0,1,0,0,30.02,30.49,0,0,2,0,5,2272.32,3702.88,1,0.242,55.66,0.12,0
U10365,6599.02,P2M,22,Sunday,12.847,6,7818.68,0,513.66,190.77,3.71,17.73,100.0,0,1369,9,4,18.02,1,1,0,0,31.71,113.88,0,0,0,1,4,13639.59,15203.02,5,31.733,99.4,11.824,1
U10366,713.11,P2P,15,Wednesday,0.711,1,1200.2,0,1003.46,340.94,3.79,11.85,39.19,0,1446,8,1,12.15,0,1,0,0,11.03,110.85,1,0,0,0,10,977.92,2288.9,1,-0.849,33.57,-0.289,0
U10367,659.16,Merchant,22,Monday,0.536,4,1889.74,1,1230.74,497.17,3.39,13.97,65.92,0,496,11,8,14.98,0,2,0,0,14.95,52.86,0,0,1,1,3,2121.07,3275.41,0,-1.147,22.32,-0.464,0
U10368,1836.33,P2P,8,Wednesday,1.737,1,2015.14,1,1057.29,284.82,4.47,17.01,79.81,1,17,10,5,44.11,0,2,0,1,10.77,21.04,0,0,0,1,3,1369.17,2183.88,0,2.726,75.09,0.736,0
U10369,3489.82,P2P,7,Thursday,3.25,3,4502.38,0,1073.85,483.54,5.47,15.25,100.0,0,1440,14,2,6.52,0,1,0,0,21.01,44.6,0,0,0,3,5,4181.47,5525.63,0,4.986,91.34,2.248,0
U10370,1517.24,P2P,7,Thursday,1.015,5,3942.56,0,1494.69,1249.97,2.6,20.04,100.0,0,691,11,3,4.6,1,1,0,0,13.52,9.52,0,0,1,1,5,1484.57,2599.93,1,0.018,50.75,0.015,1
U10371,5665.67,Merchant,8,Thursday,7.672,1,9763.97,0,738.44,583.65,2.79,14.72,100.0,0,1301,10,8,21.69,0,1,0,0,7.04,23.03,0,0,0,0,5,17481.31,20081.34,1,8.428,98.33,6.663,0
U10372,3533.39,P2P,16,Sunday,6.126,3,7180.79,0,576.78,283.66,2.79,16.75,100.0,0,982,9,2,6.04,0,1,0,0,10.29,41.26,0,0,0,2,2,2984.49,5241.45,0,10.386,97.4,5.117,0
U10373,3480.88,Recharge,10,Saturday,3.393,2,4042.9,0,1025.98,640.51,4.55,16.84,88.09,1,10,6,1,39.54,0,1,0,1,16.15,57.19,0,0,0,1,3,2072.1,2751.12,0,3.827,92.0,2.39,1
U10374,2610.6,Bill Payment,17,Tuesday,1.543,3,2953.55,1,1692.44,1047.26,2.89,21.01,40.87,0,45,10,2,52.32,1,1,1,0,10.72,39.83,0,0,0,0,5,3144.78,7161.61,3,0.876,70.4,0.542,0
U10375,15380.77,Recharge,9,Wednesday,5.998,3,17001.59,3,2564.39,2022.48,4.21,16.48,100.0,0,1068,7,1,14.44,0,1,0,0,34.52,24.81,0,0,0,1,7,42383.07,43527.98,1,6.334,97.29,4.996,1
U10376,1221.77,Merchant,7,Friday,0.716,3,2653.76,0,1706.22,688.61,3.28,19.13,100.0,0,1207,7,4,32.79,1,1,0,0,36.16,2.61,0,0,0,1,4,2444.17,2965.31,0,-0.702,33.91,-0.284,1
U10377,202.29,Recharge,4,Wednesday,0.326,0,2375.22,1,619.78,274.35,3.93,18.49,100.0,0,321,12,4,9.94,0,4,0,0,16.56,31.74,0,0,0,1,5,1052.03,2094.08,2,-1.516,9.69,-0.673,0
U10378,7461.22,Merchant,13,Wednesday,6.903,1,8281.21,0,1080.86,482.24,4.82,20.26,100.0,0,1111,8,3,2.74,1,1,0,0,17.58,1.53,0,0,1,0,3,21849.7,22301.82,2,13.203,97.94,5.898,0
U10379,949.11,P2P,21,Tuesday,0.705,3,2415.34,0,1346.9,372.51,3.56,20.13,13.05,0,316,5,7,1.03,0,2,0,0,26.45,0.1,0,0,0,1,4,3065.95,3575.74,1,-1.065,33.19,-0.295,0
U10380,1670.87,Bill Payment,20,Tuesday,1.285,2,3076.72,0,1299.84,590.84,3.4,17.92,29.95,0,1360,9,3,26.25,0,5,0,0,41.0,13.62,0,0,0,0,4,4375.42,11405.23,0,0.627,62.29,0.285,0
U10381,5556.76,P2M,6,Saturday,3.633,4,6598.65,0,1529.6,1255.26,2.57,13.76,100.0,0,1365,8,3,4.34,0,1,0,0,22.52,14.32,0,0,1,0,6,17807.58,20329.76,4,3.206,92.95,2.631,0
U10382,302.16,P2M,11,Saturday,0.38,4,564.37,1,794.26,669.4,3.56,17.42,80.9,1,11,10,7,42.61,0,1,0,0,12.47,112.95,0,0,0,0,4,1448.55,2075.67,1,-0.734,12.69,-0.619,0
U10383,429.05,Recharge,16,Saturday,0.347,4,2829.05,0,1235.59,396.95,2.55,17.95,11.9,0,775,8,3,8.78,0,2,1,0,11.99,70.03,0,0,0,2,5,2403.24,2761.26,2,-2.027,10.79,-0.652,0
U10384,302.46,Merchant,14,Wednesday,0.209,2,1931.74,0,1449.86,794.14,4.87,18.72,39.84,0,592,10,7,22.11,0,1,0,0,48.47,21.16,0,0,0,0,6,976.54,2400.18,1,-1.443,4.19,-0.791,0
U10385,677.96,Bill Payment,1,Monday,0.39,2,3198.08,0,1739.98,866.3,3.06,16.16,100.0,0,1338,5,7,14.74,0,3,0,0,11.29,65.94,0,0,1,1,1,1829.1,2138.25,2,-1.225,13.2,-0.61,1
U10386,2328.21,P2M,14,Tuesday,2.788,3,5287.14,0,835.06,474.38,2.02,20.85,90.68,0,500,9,3,7.8,0,1,0,0,9.83,13.54,0,1,0,0,2,7326.17,8702.88,1,3.141,88.59,1.786,0
U10387,2533.63,P2M,0,Wednesday,2.466,2,3844.98,0,1027.37,627.28,2.46,18.03,100.0,0,1089,4,6,6.01,1,1,0,1,39.32,16.52,0,0,0,0,3,8009.1,9982.66,1,2.397,85.87,1.465,1
U10388,1977.31,P2M,2,Thursday,5.563,6,4388.19,0,355.44,93.54,3.64,15.7,100.0,0,201,11,2,2.1,0,1,0,0,14.66,10.67,0,0,0,2,6,4454.58,6531.37,0,17.155,96.86,4.55,1
U10389,365.2,P2M,15,Sunday,0.403,4,4528.75,1,907.25,723.49,5.17,16.85,29.94,0,342,7,5,28.74,0,2,0,1,24.38,0.7,0,0,1,1,3,1469.11,2090.93,3,-0.748,13.98,-0.597,1
U10390,148.88,P2M,2,Sunday,0.157,6,5234.89,2,947.75,836.75,2.7,22.82,100.0,0,1478,9,7,10.48,0,1,0,0,27.17,36.49,0,0,1,1,5,461.5,2244.58,3,-0.954,2.43,-0.842,1
U10391,1583.79,P2P,8,Monday,2.088,2,3365.66,0,758.44,511.73,2.56,19.66,100.0,0,595,7,8,0.89,0,1,0,0,7.0,6.65,0,0,0,1,2,2442.99,5448.2,0,1.61,81.32,1.087,0
U10392,935.84,P2P,14,Friday,0.724,5,2823.05,0,1292.85,878.23,3.13,20.62,66.31,0,1155,5,7,18.24,0,1,0,0,14.07,5.2,0,0,1,1,4,2240.94,3416.2,1,-0.406,34.4,-0.276,0
U10393,2374.65,Bill Payment,15,Wednesday,2.029,4,4134.07,1,1170.17,694.13,5.37,15.4,25.77,0,1452,4,7,11.53,0,2,0,0,8.44,42.31,0,0,0,1,6,2939.51,3535.72,3,1.733,80.45,1.028,0
U10394,3026.54,P2M,10,Tuesday,6.971,1,5144.12,2,434.17,202.88,4.88,16.28,100.0,0,1448,9,6,36.39,0,2,0,0,8.97,2.39,0,0,1,4,3,4755.39,5888.05,0,12.715,97.98,5.957,0
U10395,1722.38,Merchant,2,Thursday,1.303,0,4592.16,1,1322.2,458.59,2.1,16.3,100.0,0,58,10,4,19.96,0,1,0,0,10.35,61.84,0,0,1,0,3,3453.46,4141.15,0,0.871,62.91,0.302,0
U10396,3207.84,P2M,19,Monday,4.059,1,4939.6,1,790.24,497.57,3.96,18.46,58.13,1,22,6,10,41.09,0,2,0,0,6.17,41.35,0,0,0,1,4,8016.9,16373.91,1,4.849,94.27,3.055,0
U10397,1886.41,P2P,22,Wednesday,1.263,2,6777.19,1,1493.14,416.9,4.67,17.56,31.56,0,1080,6,1,17.12,0,4,0,0,42.73,118.45,0,0,1,2,5,5831.25,8503.82,0,0.941,61.47,0.263,1
U10398,2548.56,P2P,21,Thursday,3.781,2,6981.37,0,674.01,529.72,4.57,16.78,95.7,0,1392,10,5,7.32,0,3,0,0,20.35,16.03,1,0,0,0,5,7616.35,9917.97,0,3.532,93.45,2.777,0
U10399,741.41,P2P,17,Tuesday,0.61,0,2244.74,0,1216.31,636.85,3.46,17.09,0.0,1,20,9,3,55.07,0,1,0,1,29.5,29.41,0,0,1,2,5,1576.56,1938.22,1,-0.745,27.11,-0.39,0
U10400,1253.39,Merchant,9,Friday,1.186,3,2749.68,1,1056.43,548.91,4.43,16.01,64.22,0,1088,5,6,16.73,1,1,0,0,18.62,3.06,0,0,1,1,3,1769.21,3001.33,4,0.358,58.46,0.186,0
U10401,1826.21,P2P,21,Thursday,1.328,3,2803.66,0,1375.36,636.33,3.83,17.55,32.16,1,27,7,6,40.76,0,1,0,0,38.83,18.51,0,0,0,1,3,6091.57,7176.5,2,0.707,63.8,0.328,0
U10402,3407.55,P2M,11,Saturday,2.685,3,5609.03,0,1269.26,1117.05,2.31,20.78,100.0,1,27,12,5,59.49,1,1,0,0,3.18,17.45,0,0,0,2,7,5190.56,6108.32,1,1.913,87.81,1.683,1
U10403,1011.79,Merchant,3,Tuesday,0.946,0,2130.91,0,1069.83,389.09,1.72,14.22,100.0,0,429,14,4,12.5,0,1,0,0,3.95,33.01,0,0,0,1,2,2158.02,5427.37,2,-0.149,47.22,-0.054,0
U10404,2525.99,Merchant,20,Monday,4.202,1,3465.3,3,601.1,209.39,2.98,18.87,64.74,1,10,12,5,39.85,0,3,0,0,19.89,96.55,0,0,0,3,2,8556.81,14601.36,1,9.149,94.63,3.197,1
U10405,1149.84,P2P,7,Thursday,1.863,4,3316.51,0,617.29,220.74,1.75,21.45,100.0,0,834,11,3,7.4,0,1,0,0,17.11,8.25,0,0,0,0,2,2700.39,3620.09,3,2.402,77.6,0.861,0
U10406,1333.65,P2P,22,Tuesday,1.445,1,1866.22,0,922.72,625.64,3.08,17.54,38.06,0,300,4,8,1.92,0,1,0,0,27.5,3.58,1,0,0,1,2,1035.55,1248.53,1,0.656,67.61,0.445,0
U10407,3438.32,P2P,8,Friday,2.876,4,6343.14,0,1195.54,1069.69,4.82,16.68,100.0,1,21,8,1,51.38,0,5,0,1,16.76,3.64,0,0,0,1,1,7831.6,8787.91,2,2.095,89.2,1.874,0
U10408,204.42,P2P,20,Monday,0.224,3,2434.7,1,912.66,367.86,4.88,20.31,9.36,1,15,10,4,42.04,0,2,0,0,20.65,41.08,0,0,0,1,3,458.44,3623.06,4,-1.92,4.81,-0.775,1
U10409,410.24,P2P,12,Friday,0.258,3,4687.82,1,1589.89,1333.36,1.64,15.54,40.27,0,774,10,9,8.28,0,1,0,0,19.08,107.6,0,0,1,0,4,2510.54,5183.15,2,-0.884,6.26,-0.742,0
U10410,340.71,P2M,11,Sunday,0.322,1,2146.79,0,1058.31,456.24,1.78,17.94,68.18,0,1224,6,6,6.96,0,1,0,0,18.59,69.18,0,0,1,2,3,859.9,2413.67,2,-1.569,9.42,-0.677,0
U10411,145.42,Merchant,7,Monday,0.187,0,2628.9,0,777.3,521.67,4.18,15.4,98.3,0,117,7,7,16.35,0,2,0,0,4.22,31.93,0,0,2,4,4,315.89,2601.6,3,-1.209,3.42,-0.812,0
U10412,761.25,P2M,20,Wednesday,0.719,6,3478.86,2,1058.84,292.58,3.5,13.32,58.27,1,20,13,8,40.71,0,2,0,0,28.92,5.19,0,0,0,0,0,1914.16,3077.64,0,-1.014,34.09,-0.281,0
U10413,3173.7,P2M,1,Saturday,2.389,5,6624.51,2,1328.38,760.07,2.1,17.62,100.0,0,216,10,5,13.29,0,4,0,0,28.33,5.04,0,0,0,0,2,8442.43,9330.81,1,2.425,85.08,1.388,1
U10414,1128.15,P2P,11,Thursday,0.812,3,2786.49,1,1388.91,938.17,4.72,14.84,46.29,0,447,8,2,34.87,0,1,0,0,11.52,56.68,0,0,0,1,3,1746.29,2495.2,2,-0.278,39.76,-0.188,1
U10415,1828.06,Recharge,8,Tuesday,0.654,4,2799.18,0,2794.33,1672.71,2.37,17.97,92.44,0,582,3,8,17.85,0,3,0,0,21.51,7.22,0,0,0,3,4,3953.69,5448.89,1,-0.577,29.98,-0.346,0
U10416,4457.92,P2M,13,Tuesday,5.02,3,6295.56,0,888.09,359.31,1.81,20.79,100.0,0,664,8,5,6.79,0,1,0,0,8.62,4.17,0,0,0,2,1,9373.6,10351.44,0,9.908,96.18,4.015,0
U10417,5658.46,Recharge,6,Saturday,4.874,2,8560.93,0,1160.97,915.45,4.5,22.64,100.0,1,20,10,4,41.41,0,3,0,0,14.95,12.77,0,0,0,2,9,12172.04,12811.83,2,4.908,95.96,3.871,1
U10418,1399.8,Merchant,15,Sunday,0.963,1,4574.13,0,1453.65,1280.07,3.93,18.23,19.96,0,830,8,4,10.36,1,1,0,0,23.89,120.12,0,0,1,0,3,4452.4,6162.28,5,-0.042,48.11,-0.037,1
U10419,5806.92,P2P,9,Wednesday,4.89,5,6072.04,0,1187.42,651.27,3.08,20.55,100.0,0,352,7,3,23.96,1,1,0,0,29.01,17.19,0,0,1,1,2,19136.84,20208.37,3,7.082,95.98,3.887,1
U10420,1644.76,P2P,4,Thursday,1.717,5,9662.72,0,957.95,635.45,4.27,19.0,100.0,0,541,10,1,23.14,0,4,0,1,45.72,36.36,0,0,0,2,1,2414.06,5655.89,1,1.079,74.65,0.716,0
U10421,649.25,P2P,4,Saturday,1.086,2,1592.86,1,597.59,456.42,5.15,17.04,96.2,0,1264,10,3,41.7,0,2,0,0,22.78,82.9,0,0,0,1,3,1215.39,3167.88,3,0.113,54.13,0.086,1
U10422,827.84,P2M,16,Tuesday,0.868,2,3341.98,0,953.56,388.07,1.64,13.19,28.24,0,856,12,11,8.01,0,2,0,0,12.38,45.0,0,0,0,0,5,972.15,5872.8,0,-0.323,42.99,-0.132,0
U10423,341.27,Merchant,6,Tuesday,0.461,2,4061.73,0,740.19,600.95,4.01,22.07,100.0,0,69,18,6,5.57,0,1,0,1,16.33,11.08,0,0,2,3,5,558.36,2660.88,1,-0.663,17.58,-0.538,0
U10424,617.13,P2M,7,Saturday,1.118,3,2014.22,0,551.75,238.43,2.37,15.38,73.05,0,512,5,4,13.94,0,1,0,0,20.35,16.64,0,0,1,3,3,3553.34,4957.81,1,0.273,55.57,0.118,0
U10425,1048.59,Bill Payment,15,Tuesday,1.25,2,4310.13,2,838.84,632.73,3.4,21.46,50.79,1,14,4,6,39.0,1,4,0,0,13.37,16.91,0,0,0,0,3,1722.51,4617.55,1,0.331,60.97,0.25,0
U10426,3350.3,P2M,7,Saturday,4.472,3,3612.68,1,749.11,241.86,3.2,19.34,100.0,0,294,8,10,21.42,0,2,0,0,17.48,56.92,0,0,0,1,3,6840.18,11359.27,1,10.711,95.23,3.468,0
U10427,8383.24,P2P,9,Thursday,5.372,7,11728.03,1,1560.53,682.66,3.06,15.56,100.0,0,1384,6,2,24.63,1,1,0,0,3.86,135.03,0,0,1,3,3,17700.67,18002.88,4,9.98,96.65,4.369,1
U10428,376.55,P2P,5,Sunday,0.239,3,3442.85,0,1572.73,938.69,2.26,18.78,100.0,0,464,12,5,9.34,0,2,0,1,5.44,28.17,0,0,1,2,2,1136.99,4054.99,2,-1.273,5.44,-0.76,0
U10429,2221.74,Bill Payment,8,Monday,2.781,2,4233.51,0,798.98,472.36,4.71,23.0,100.0,1,12,10,4,45.59,0,1,0,1,16.09,94.15,0,0,0,0,7,7002.28,8494.22,2,3.006,88.53,1.778,0
U10430,529.89,Bill Payment,16,Sunday,0.496,0,3438.85,0,1067.39,856.88,3.02,21.84,43.64,0,728,7,3,12.3,0,1,0,1,9.78,1.34,0,0,1,0,4,1929.28,4057.39,1,-0.627,19.8,-0.503,0
U10431,2411.29,P2M,12,Tuesday,4.637,5,6925.85,0,520.02,466.71,5.05,16.72,100.0,0,949,11,7,12.53,0,4,0,0,29.53,3.98,0,0,0,3,5,5909.61,10675.36,1,4.044,95.54,3.63,0
U10432,1315.71,P2P,23,Monday,1.37,3,5116.58,0,960.66,307.11,2.92,16.22,63.79,1,12,8,6,53.44,0,2,0,0,18.38,40.61,0,0,0,0,2,2278.45,3865.17,3,1.152,65.21,0.369,0
U10433,240.4,Bill Payment,18,Saturday,0.167,4,1703.0,0,1436.0,612.31,4.86,18.25,12.38,1,26,5,8,41.03,0,1,0,0,24.09,1.16,0,1,0,0,3,1300.59,1902.02,2,-1.949,2.74,-0.832,0
U10434,3795.29,P2P,0,Thursday,2.182,1,5619.79,1,1739.41,839.16,3.68,17.59,100.0,0,547,9,4,20.47,0,1,0,0,13.24,16.91,0,0,0,2,2,3426.12,3838.58,2,2.447,82.63,1.181,0
U10435,819.11,Merchant,9,Saturday,0.941,1,2091.36,0,870.62,488.68,3.04,21.0,92.47,0,865,6,7,27.29,0,3,0,0,19.26,2.73,0,0,0,0,3,1358.0,6023.56,2,-0.105,46.96,-0.059,0
U10436,879.47,P2P,6,Monday,0.457,4,2022.86,1,1926.41,1100.06,4.32,19.85,100.0,0,413,10,4,9.61,0,1,0,0,29.81,88.51,0,0,1,0,4,3355.19,5297.88,0,-0.951,17.27,-0.543,0
U10437,514.64,P2P,14,Monday,0.848,4,3220.97,1,606.69,489.31,4.65,13.77,6.43,0,581,8,3,14.94,0,3,0,0,24.73,247.89,0,0,0,0,3,1090.99,2680.51,0,-0.188,41.86,-0.151,1
U10438,779.72,P2M,6,Thursday,1.139,4,2040.78,3,684.47,513.94,3.43,19.15,100.0,0,1332,11,3,11.96,1,1,0,0,0.35,30.37,0,0,1,0,2,1410.63,5718.59,1,0.185,56.47,0.139,1
U10439,2301.03,P2M,23,Sunday,1.393,6,5002.97,0,1651.48,433.11,3.2,17.55,53.92,0,366,8,2,30.52,1,1,0,0,6.03,9.75,0,0,0,1,5,3933.25,4777.22,2,1.496,65.99,0.393,0
U10440,1241.38,P2M,7,Wednesday,0.488,4,2637.17,1,2545.5,1389.24,3.81,18.09,100.0,0,308,8,2,15.99,0,1,0,0,33.16,9.31,0,0,0,0,1,3124.92,3972.38,1,-0.938,19.23,-0.512,0
U10441,2083.66,P2M,12,Saturday,1.391,4,3644.91,0,1498.35,976.55,3.84,18.62,57.94,0,887,11,3,2.4,0,2,0,1,35.32,4.29,0,0,1,3,3,6121.69,11418.6,1,0.599,65.91,0.39,0
U10442,2154.13,Merchant,2,Sunday,1.828,3,2887.56,1,1178.41,647.25,3.2,21.0,100.0,1,27,9,4,73.36,0,2,0,0,12.84,11.73,0,0,0,1,4,2873.09,3609.75,0,1.505,76.95,0.827,0
U10443,5618.85,P2M,21,Sunday,12.574,1,8271.09,0,446.86,149.66,4.53,20.44,100.0,0,31,12,6,8.82,0,3,0,0,32.88,20.88,0,0,0,0,4,14767.49,15272.94,4,34.329,99.37,11.548,1
U10444,1064.68,P2M,21,Thursday,2.204,6,1308.77,1,482.98,245.53,3.1,16.13,71.97,1,8,7,6,40.76,0,2,0,1,12.07,7.69,0,0,0,2,4,2796.42,8036.65,1,2.36,82.9,1.202,0
U10445,342.53,P2M,19,Friday,0.269,4,3774.7,0,1271.96,658.34,3.31,17.85,11.99,0,436,7,6,15.04,1,1,0,0,11.24,2.46,0,0,0,2,2,1317.29,4154.41,0,-1.41,6.79,-0.73,0
U10446,4360.94,P2P,8,Thursday,4.269,3,10541.32,0,1021.42,379.98,3.92,16.88,100.0,0,207,4,1,13.81,0,3,0,0,2.26,101.3,1,0,0,0,4,8171.97,9660.26,0,8.766,94.79,3.266,1
U10447,1076.78,P2M,1,Friday,1.476,4,2680.17,2,729.57,541.05,5.45,13.8,100.0,0,994,14,7,5.23,0,2,0,1,41.17,74.11,1,0,0,1,3,2142.08,9145.64,4,0.641,68.52,0.475,1
U10448,4572.49,P2P,17,Thursday,3.7,5,6121.36,1,1235.91,567.17,2.54,17.73,66.14,0,736,8,3,7.19,0,1,0,0,11.25,58.39,0,0,0,0,2,6030.26,7069.61,1,5.873,93.18,2.698,0
U10449,2200.85,P2M,10,Thursday,1.741,2,2550.47,1,1263.81,799.79,2.43,22.61,100.0,0,698,8,9,21.41,0,4,0,0,6.58,26.31,0,0,0,0,3,1935.38,4362.51,0,1.17,75.19,0.741,0
U10450,1315.65,P2P,23,Thursday,0.717,3,2310.59,1,1835.48,1074.17,2.21,13.72,75.68,0,674,1,5,19.79,0,1,0,0,9.31,25.36,1,0,0,2,6,3474.16,5701.92,1,-0.483,33.95,-0.283,0
U10451,2126.0,Merchant,16,Friday,1.666,4,5057.12,0,1276.08,1046.8,4.26,17.94,37.47,0,244,14,5,2.91,0,2,0,0,5.56,17.55,0,0,0,0,2,5458.96,9839.92,4,0.811,73.5,0.666,0
U10452,10553.71,P2M,12,Saturday,5.06,0,13780.07,0,2085.69,686.84,3.3,17.86,100.0,0,1292,10,6,3.13,1,2,0,0,10.41,19.72,1,0,1,5,3,21563.83,22393.76,2,12.311,96.24,4.058,1
U10453,11970.5,Recharge,23,Sunday,9.94,2,13733.02,0,1204.32,390.53,3.05,18.72,100.0,0,31,7,7,21.65,0,1,0,0,29.16,21.06,0,0,0,0,0,16777.74,22017.78,3,27.498,99.0,8.932,1
U10454,1607.77,P2M,19,Friday,1.411,5,4418.31,0,1139.31,507.23,2.32,15.59,41.57,0,740,8,11,7.64,0,2,0,0,18.72,16.89,0,0,0,1,7,3221.22,9731.64,2,0.922,66.56,0.411,0
U10455,1760.6,P2P,11,Monday,0.909,3,2507.52,0,1937.24,1027.3,5.06,14.44,20.07,0,427,5,7,5.57,0,1,0,0,13.14,49.84,0,0,0,1,3,5869.84,9725.48,1,-0.172,45.24,-0.091,0
U10456,4400.44,Recharge,0,Friday,5.696,8,6479.18,0,772.61,343.08,3.27,14.55,100.0,0,973,3,4,16.96,0,4,0,1,26.3,14.97,0,0,1,0,5,12593.44,13512.96,1,10.544,97.0,4.689,1
U10457,643.91,P2M,2,Wednesday,0.151,2,4691.72,1,4258.1,3176.85,3.93,21.33,100.0,0,837,15,7,9.78,0,1,0,0,23.99,126.29,0,0,0,1,3,1520.21,3409.77,1,-1.137,2.24,-0.849,1
U10458,2092.87,Bill Payment,10,Monday,1.473,5,4473.59,0,1420.75,581.69,1.95,15.54,53.89,0,595,6,3,8.57,0,1,0,0,26.95,12.17,0,0,0,1,6,1666.23,3886.96,1,1.153,68.44,0.473,0
U10459,1461.7,P2M,13,Monday,1.026,2,5929.25,1,1424.32,434.57,1.93,16.75,29.71,0,815,11,7,9.92,0,1,0,0,41.01,5.76,0,0,0,1,3,3131.26,5294.2,3,0.086,51.29,0.026,1
U10460,2053.15,P2M,0,Friday,1.351,1,6613.15,0,1519.85,788.76,1.77,23.0,100.0,1,1,12,7,47.11,0,5,0,0,7.11,27.2,1,0,0,0,6,2519.58,2914.07,3,0.675,64.59,0.351,1
U10461,651.87,Recharge,3,Sunday,0.233,2,2829.85,0,2792.77,2102.11,2.97,16.16,100.0,0,222,11,3,7.6,0,1,0,0,5.6,47.36,0,0,0,1,2,2416.07,5076.13,2,-1.018,5.18,-0.766,0
U10462,306.02,P2M,16,Thursday,0.179,3,318.75,0,1714.21,1376.28,3.39,18.86,39.19,0,1360,9,7,12.31,1,2,0,0,9.69,30.84,0,0,0,1,2,740.86,2741.89,1,-1.022,3.1,-0.821,0
U10463,188.71,P2P,18,Thursday,0.324,0,3368.31,0,582.78,423.49,2.48,20.66,26.06,0,932,8,5,24.04,0,1,0,0,10.92,44.2,0,0,0,1,2,738.49,2169.41,1,-0.928,9.55,-0.675,0
U10464,490.7,Bill Payment,0,Monday,0.217,5,972.97,1,2256.65,1382.48,2.9,20.54,100.0,0,991,7,8,33.12,0,1,0,0,27.47,33.05,0,1,0,2,3,1340.71,2876.61,1,-1.276,4.53,-0.782,1
U10465,948.18,Bill Payment,12,Friday,0.921,2,1009.84,0,1029.34,741.87,1.53,14.67,24.8,0,1498,7,3,18.11,0,2,0,0,21.9,16.4,0,0,0,0,5,1369.74,8547.29,3,-0.109,45.91,-0.079,0
U10466,1118.82,Merchant,1,Monday,0.888,2,1322.19,0,1259.28,872.56,2.9,16.22,100.0,0,1359,8,4,14.81,0,1,0,0,22.22,26.63,1,0,0,0,3,1766.14,5661.4,2,-0.161,44.12,-0.111,0
U10467,10409.26,P2M,17,Saturday,15.426,1,13745.83,0,674.8,271.5,1.98,18.76,100.0,0,889,3,8,15.45,0,2,0,0,5.8,13.06,0,0,0,1,7,28866.41,29202.76,3,35.723,99.58,14.404,1
U10468,4533.34,P2M,20,Saturday,2.981,5,6724.18,0,1520.61,924.52,2.01,22.82,42.52,1,23,11,4,55.46,0,2,0,0,3.82,103.1,0,0,0,1,2,3837.77,5280.36,0,3.255,89.88,1.98,1
U10469,573.14,Recharge,20,Sunday,0.64,4,2372.13,1,895.12,672.14,1.52,16.1,49.3,0,805,7,5,18.28,0,1,0,0,23.36,48.15,0,0,0,2,3,1611.34,5029.63,2,-0.478,29.1,-0.359,1
U10470,2123.73,P2M,14,Tuesday,1.692,1,4469.48,0,1255.33,572.59,4.29,16.77,34.74,0,379,6,6,6.01,0,1,0,0,17.25,21.39,1,0,0,2,1,4375.52,8335.51,0,1.514,74.09,0.691,0
U10471,998.39,Bill Payment,15,Tuesday,0.945,2,1218.58,0,1055.99,712.88,5.23,19.05,25.87,1,0,6,5,57.42,0,1,0,0,8.91,39.22,0,0,0,2,2,1472.36,3593.14,3,-0.081,47.2,-0.054,0
U10472,1128.74,P2M,22,Wednesday,0.396,5,2396.44,1,2853.59,1606.46,3.99,19.55,10.81,0,1372,5,3,6.79,0,1,0,0,16.48,49.97,0,0,1,1,6,1428.16,2067.62,2,-1.073,13.54,-0.604,0
U10473,1805.42,P2P,14,Saturday,0.617,7,2670.24,0,2928.06,1689.65,1.88,19.7,62.12,0,1323,7,2,9.35,0,3,0,0,8.56,33.6,0,0,0,0,2,3042.07,3623.03,3,-0.664,27.55,-0.383,0
U10474,2786.08,Bill Payment,10,Tuesday,2.274,6,4480.53,1,1225.38,378.07,5.46,15.88,74.7,0,772,4,7,23.31,0,2,0,0,3.24,19.58,0,0,0,1,6,5104.57,7726.08,1,4.117,83.78,1.273,0
U10475,1068.45,P2P,18,Sunday,0.865,5,2809.48,1,1235.05,843.59,5.4,16.67,15.02,0,1420,7,7,25.18,0,1,0,0,9.19,16.2,0,0,0,2,3,3476.3,4685.54,2,-0.197,42.81,-0.135,0
U10476,4346.26,P2P,14,Tuesday,4.285,1,6620.01,1,1014.37,824.38,3.37,18.54,99.49,1,19,8,4,48.75,0,2,0,0,16.55,39.63,0,0,0,4,4,11782.29,12525.63,3,4.037,94.83,3.281,1
U10477,478.8,P2M,20,Monday,0.243,4,3006.73,1,1973.93,674.95,1.93,21.16,29.17,0,90,7,9,13.42,0,2,0,0,16.07,17.49,0,0,0,1,6,1768.91,1889.85,3,-2.212,5.57,-0.757,0
U10478,1509.54,Bill Payment,12,Tuesday,1.459,6,1743.95,1,1034.9,505.0,4.38,17.4,54.21,0,622,4,3,12.94,0,2,0,0,22.48,19.14,0,0,0,3,4,3421.07,3863.37,2,0.938,68.01,0.458,1
U10479,20148.68,Recharge,20,Saturday,20.296,4,21430.53,0,992.75,279.59,5.35,17.94,100.0,0,331,12,8,8.31,0,3,0,0,9.64,33.46,0,0,0,1,2,49246.95,51207.94,3,68.27,99.76,19.276,1
U10480,1874.88,P2P,1,Friday,1.006,8,3398.26,0,1863.93,501.88,4.61,15.44,100.0,0,1437,8,7,7.44,0,3,0,0,18.03,7.11,0,0,0,3,0,5902.04,7258.16,2,0.022,50.29,0.006,0
U10481,6288.23,P2P,0,Wednesday,6.676,4,6756.53,0,941.85,841.33,4.0,22.66,100.0,0,200,9,8,15.79,0,1,0,0,15.5,17.68,0,0,0,1,3,19925.74,24167.8,5,6.347,97.8,5.67,0
U10482,1643.76,Merchant,2,Friday,1.393,3,2062.85,0,1179.78,673.37,3.94,18.39,100.0,0,815,9,8,4.01,0,2,0,0,27.5,21.48,0,0,1,2,6,3628.42,4157.65,0,0.688,65.99,0.393,0
U10483,2681.14,P2P,13,Friday,4.552,2,3039.85,1,589.04,283.38,5.41,20.69,100.0,0,1165,8,8,7.86,0,2,0,0,32.38,6.44,0,0,1,2,3,6990.63,7909.84,2,7.357,95.38,3.546,1
U10484,1417.2,P2P,17,Thursday,0.86,3,4215.79,1,1647.41,706.2,1.79,18.07,23.06,0,192,13,5,7.51,0,3,0,0,4.25,15.44,0,0,0,1,3,1209.77,2278.14,0,-0.326,42.54,-0.14,0
U10485,1264.98,P2P,5,Thursday,0.44,3,1550.28,1,2874.02,2549.28,2.1,18.21,100.0,1,14,12,4,43.2,0,1,0,0,18.71,24.89,0,0,0,5,3,3257.32,5076.21,4,-0.631,16.24,-0.56,0
U10486,687.97,P2M,3,Monday,0.414,2,1032.38,1,1660.09,687.22,4.82,14.25,100.0,1,8,7,4,60.35,1,1,0,0,25.65,3.68,0,0,1,0,2,2159.34,3233.36,3,-1.413,14.68,-0.585,1
U10487,2306.58,Recharge,20,Tuesday,0.996,6,3947.49,0,2316.67,1671.96,2.08,12.62,80.81,1,11,8,5,48.43,0,2,0,0,17.75,30.59,0,0,0,3,3,5762.14,6586.86,2,-0.006,49.78,-0.004,1
U10488,640.14,Bill Payment,18,Thursday,0.781,4,2712.53,2,820.02,356.25,3.03,21.13,42.95,0,53,9,2,5.73,0,3,0,0,23.7,7.7,1,0,0,0,4,1920.55,4078.15,0,-0.504,37.88,-0.219,0
U10489,2918.44,Bill Payment,15,Monday,2.187,0,4404.64,2,1334.65,394.81,2.63,18.2,59.88,0,60,8,3,10.72,0,1,0,0,36.77,61.15,0,0,0,0,4,2227.66,3974.48,2,4.001,82.69,1.186,0
U10490,4440.43,P2P,11,Thursday,5.657,1,5007.18,1,784.98,544.88,2.47,18.52,100.0,1,12,11,5,41.58,0,2,0,0,18.57,13.63,0,0,0,1,3,7194.31,10098.72,2,6.696,96.96,4.651,1
U10491,2164.08,P2M,10,Monday,1.998,6,2593.03,0,1083.1,271.92,1.6,14.88,74.84,0,915,8,6,2.36,0,1,0,0,14.03,0.79,0,0,0,1,2,7035.23,8367.16,4,3.961,79.95,0.997,0
U10492,1126.61,P2M,0,Saturday,0.663,8,2732.32,0,1698.62,1170.75,3.77,15.74,100.0,0,1061,5,5,15.48,0,1,0,0,17.81,4.89,0,0,0,0,2,1112.38,4806.67,1,-0.488,30.56,-0.337,0
U10493,2361.82,P2P,4,Monday,1.88,1,3721.11,0,1256.26,518.51,3.1,20.66,100.0,0,435,10,8,20.97,0,1,0,0,25.09,29.88,0,0,0,1,1,6191.67,6944.72,2,2.128,77.93,0.879,0
U10494,1101.63,P2P,21,Monday,1.734,1,2194.67,1,635.48,467.06,3.71,22.35,6.21,1,20,3,6,55.72,0,1,0,0,20.08,89.02,0,0,0,3,4,1466.1,4078.73,0,0.996,75.01,0.732,0
U10495,3822.91,P2P,8,Friday,5.757,1,6534.29,1,664.02,498.24,2.72,16.45,100.0,1,28,8,4,60.47,0,2,0,0,18.11,20.18,0,0,0,0,6,6816.28,9920.82,1,6.327,97.06,4.75,0
U10496,240.28,P2P,16,Tuesday,0.373,4,1528.79,1,644.55,464.51,5.27,19.68,32.45,0,344,5,13,13.11,0,1,0,0,12.09,11.97,0,0,0,2,1,920.52,1070.69,4,-0.868,12.26,-0.626,0
U10497,1072.36,P2M,16,Wednesday,0.716,0,1462.36,0,1497.02,398.08,3.87,18.48,28.67,0,679,1,3,3.61,0,1,0,0,16.99,0.9,1,0,0,1,5,3289.38,5944.47,5,-1.064,33.92,-0.283,0
U10498,204.88,Bill Payment,7,Wednesday,0.067,5,1303.43,0,3037.62,2148.9,5.34,17.7,95.42,1,6,9,4,43.48,0,1,0,0,4.86,0.95,1,0,0,1,2,1175.4,2657.9,2,-1.318,0.46,-0.932,0
U10499,336.35,P2P,4,Tuesday,0.152,3,2584.02,0,2215.39,1979.66,2.9,22.63,100.0,0,1130,7,2,9.27,0,1,0,0,15.65,20.71,0,0,1,1,0,1178.68,3026.66,5,-0.949,2.26,-0.848,0
U10500,5866.91,P2M,16,Saturday,11.475,1,7092.57,0,511.26,208.44,1.51,16.87,100.0,0,1307,8,1,7.95,0,3,0,0,20.46,18.85,0,0,2,0,1,6260.06,10437.41,0,25.571,99.24,10.455,1
U10501,3671.68,Bill Payment,2,Friday,1.614,1,5890.25,0,2274.6,974.11,4.63,21.1,100.0,0,760,3,2,6.35,0,4,0,0,25.72,18.24,0,0,0,1,4,2644.46,4239.48,3,1.433,72.26,0.614,0
U10502,730.51,Bill Payment,11,Tuesday,0.399,1,3276.81,0,1828.88,1424.32,4.81,18.95,68.08,0,1187,8,7,13.19,0,1,0,0,30.02,4.18,0,0,1,0,5,5353.84,6062.36,0,-0.771,13.78,-0.6,0
U10503,333.86,Recharge,21,Friday,0.558,2,1625.94,0,598.66,212.08,1.73,17.96,45.09,1,20,7,10,54.09,0,3,0,1,16.83,14.37,0,0,0,1,3,1418.93,3928.32,1,-1.243,23.77,-0.442,0
U10504,77.38,P2M,17,Friday,0.074,4,1558.06,0,1046.95,711.28,4.0,21.43,37.93,0,937,9,4,44.22,0,1,0,0,0.83,96.66,0,0,1,2,2,321.76,1717.88,2,-1.361,0.56,-0.925,0
U10505,871.07,Recharge,18,Thursday,0.443,4,2033.52,0,1964.64,1455.34,4.14,18.73,17.03,0,1103,6,5,9.07,0,2,0,0,10.43,67.15,0,0,0,0,2,2062.26,3683.43,1,-0.751,16.45,-0.556,0
U10506,16875.79,P2P,1,Friday,10.978,3,19130.45,1,1537.28,421.45,2.08,17.76,100.0,0,1242,11,5,21.86,0,2,0,0,34.5,32.62,0,0,1,0,3,14560.34,16060.92,2,36.308,99.18,9.971,1
U10507,2317.18,P2M,4,Sunday,3.48,2,3449.73,1,665.8,406.1,3.71,21.45,100.0,0,1390,6,2,4.16,0,2,0,0,6.27,18.31,0,0,1,0,3,1956.38,4782.13,3,4.056,92.36,2.477,0
U10508,857.18,P2P,6,Thursday,0.543,2,2952.38,0,1579.57,986.16,2.47,21.12,100.0,1,6,9,6,52.44,0,1,0,0,25.97,26.26,0,0,0,2,4,2016.72,4161.8,2,-0.732,22.77,-0.457,0
U10509,2388.21,P2M,7,Wednesday,5.207,2,4151.29,2,458.61,205.11,1.57,21.0,100.0,0,1197,9,8,8.55,1,1,0,0,23.03,2.51,1,0,1,3,4,8582.43,10220.78,0,9.362,96.43,4.198,0
U10510,314.9,P2M,4,Thursday,0.29,0,516.55,0,1085.51,889.71,4.97,8.28,37.42,0,1073,7,5,16.43,0,5,0,0,3.04,2.27,0,0,0,1,6,917.05,2956.97,1,-0.865,7.79,-0.709,0
U10511,1114.21,P2P,23,Saturday,0.556,1,3294.98,0,2002.51,712.47,3.47,19.1,36.36,0,1112,16,4,18.37,1,3,0,0,1.98,46.44,0,0,1,4,2,2914.22,3651.37,4,-1.245,23.65,-0.443,0
U10512,1656.89,Bill Payment,3,Friday,1.369,6,3297.43,0,1209.97,588.92,4.63,18.53,100.0,0,51,13,5,18.41,0,1,0,0,40.13,19.86,0,0,2,1,3,1923.56,4588.72,0,0.758,65.21,0.369,0
U10513,1376.25,P2P,16,Monday,1.436,2,4903.14,1,958.68,768.51,4.39,17.91,32.49,1,18,6,3,38.53,0,1,0,0,8.94,55.49,0,0,0,3,2,2978.75,5164.95,2,0.543,67.32,0.435,1
U10514,3307.76,P2P,14,Thursday,1.847,4,3799.03,0,1790.56,669.52,5.47,19.52,62.48,0,1442,14,6,17.99,0,1,0,0,9.41,30.73,1,0,0,1,2,4181.76,8734.7,2,2.263,77.33,0.847,0
U10515,2117.23,P2P,14,Saturday,1.138,7,3902.25,0,1860.71,1458.6,3.25,18.65,50.38,0,1353,8,8,13.9,1,1,0,1,9.95,81.42,0,0,0,0,2,6681.93,7691.48,5,0.176,56.42,0.138,0
U10516,2926.45,P2M,5,Tuesday,1.352,1,3927.92,0,2163.74,652.14,3.21,19.69,100.0,1,26,6,5,55.4,0,2,0,0,20.41,7.4,0,0,1,1,5,3330.4,4362.88,4,1.168,64.65,0.352,0
U10517,753.59,P2P,7,Sunday,0.424,5,986.01,0,1778.51,1010.19,2.63,17.33,92.22,0,744,9,7,15.76,0,1,0,0,16.55,85.8,0,0,1,1,2,1002.55,2923.03,3,-1.014,15.24,-0.576,0
U10518,3681.35,P2M,14,Saturday,1.886,2,3834.11,0,1952.17,583.63,4.0,21.75,85.04,0,1299,9,4,4.78,1,1,0,0,16.64,6.84,0,0,0,2,3,3959.09,5546.89,1,2.958,78.04,0.885,0
U10519,7647.68,P2P,7,Saturday,4.583,1,11670.75,1,1668.84,1152.56,3.44,19.95,100.0,0,1397,13,6,11.0,0,1,0,0,18.67,45.3,0,0,0,0,3,5716.53,6427.2,4,5.183,95.45,3.58,1
U10520,568.54,Bill Payment,16,Monday,0.42,2,2357.95,0,1352.3,1033.01,4.42,19.36,30.78,1,9,8,6,51.12,0,2,0,0,47.06,77.11,1,0,0,1,5,1302.2,1890.66,2,-0.758,15.05,-0.579,0
U10521,617.4,Merchant,0,Friday,0.494,1,1874.33,0,1249.32,1002.46,2.93,19.23,100.0,0,1210,11,3,25.1,0,1,0,1,12.83,20.23,1,0,0,3,3,2058.15,5626.99,2,-0.63,19.65,-0.505,0
U10522,5704.47,P2M,1,Thursday,5.289,0,6022.74,0,1078.48,957.5,2.02,20.89,100.0,0,1257,7,6,3.72,0,2,1,0,15.06,13.07,0,0,0,0,1,18303.0,19223.05,4,4.826,96.54,4.285,1
U10523,1238.77,P2M,17,Friday,1.781,3,5099.92,1,695.42,477.62,4.95,20.55,36.38,0,250,7,6,9.75,0,1,0,0,32.62,17.91,0,0,1,1,4,2899.28,4236.11,1,1.135,76.01,0.78,0
U10524,6106.09,Recharge,14,Saturday,7.821,7,6893.26,4,780.7,585.44,4.81,17.72,100.0,0,76,5,6,5.81,0,3,0,0,25.9,15.3,0,0,1,1,2,15790.29,16337.06,2,9.081,98.39,6.813,1
U10525,963.61,Merchant,1,Wednesday,0.912,3,2817.23,0,1056.98,611.72,2.9,20.48,100.0,0,99,5,2,22.87,0,1,0,0,18.47,77.95,0,0,1,3,0,1880.15,8425.67,0,-0.152,45.39,-0.088,0
U10526,6427.02,P2M,21,Thursday,4.804,5,8018.23,0,1337.73,1128.08,4.26,18.44,80.55,0,243,9,4,9.59,1,1,0,0,10.56,2.48,1,0,0,0,2,17990.66,18962.9,1,4.507,95.84,3.802,0
U10527,1710.78,Recharge,0,Friday,0.745,4,6838.81,1,2294.9,1534.01,3.47,22.79,100.0,0,1119,6,5,18.64,0,1,0,0,27.5,91.14,0,0,0,0,3,1996.21,3462.34,0,-0.381,35.73,-0.254,1
U10528,1941.95,Merchant,22,Saturday,1.649,3,3394.48,0,1177.64,970.74,4.54,20.74,12.76,0,602,10,6,9.97,0,1,0,0,35.37,19.99,0,0,0,1,6,3091.39,3477.86,3,0.787,73.1,0.648,0
U10529,7171.99,Bill Payment,17,Saturday,3.805,2,8120.12,0,1884.92,759.71,3.06,16.44,48.25,0,1038,8,10,2.79,0,3,0,0,42.84,28.06,0,0,1,1,3,6374.02,8216.44,0,6.95,93.53,2.803,0
U10530,1044.66,P2M,23,Wednesday,0.536,3,2854.62,1,1950.36,1117.32,3.64,23.0,16.53,0,162,8,2,10.55,0,3,0,0,6.05,14.55,0,0,0,1,7,3586.44,8996.98,2,-0.81,22.31,-0.464,0
U10531,585.28,P2P,22,Sunday,0.541,6,2545.1,0,1081.31,783.28,1.73,12.74,86.77,0,915,13,4,14.01,0,2,0,0,5.92,63.84,0,0,0,1,3,926.9,1533.1,2,-0.632,22.69,-0.458,0
U10532,957.82,P2P,7,Monday,0.611,7,8518.12,0,1568.21,598.69,2.2,19.59,100.0,1,7,9,9,44.54,0,1,0,1,16.5,0.22,1,0,0,4,3,1700.58,3604.89,0,-1.018,27.19,-0.389,1
U10533,2357.97,P2M,18,Thursday,2.193,2,3791.17,0,1075.44,416.59,4.63,16.26,38.51,0,1465,7,7,26.85,0,7,0,0,22.02,11.06,0,0,1,4,2,3266.73,4423.71,1,3.071,82.77,1.191,0
U10534,313.39,P2M,5,Friday,0.144,5,787.86,1,2175.55,1926.95,3.03,22.71,100.0,1,24,10,2,49.6,0,1,0,0,43.92,30.64,0,0,0,5,4,649.49,2301.17,0,-0.966,2.04,-0.856,1
U10535,2837.54,P2M,11,Monday,1.776,1,3930.86,0,1597.52,850.67,1.64,18.63,63.32,1,4,10,3,50.57,0,2,0,0,40.64,8.04,0,1,0,2,4,5412.95,6649.68,1,1.456,75.92,0.776,1
U10536,875.2,P2M,5,Thursday,1.246,4,2682.09,1,702.3,258.57,2.17,16.02,88.52,1,27,7,5,38.82,0,2,0,0,20.51,21.34,0,0,1,2,2,4069.2,4583.7,0,0.666,60.82,0.246,0
U10537,4726.94,P2M,11,Friday,3.663,0,6788.13,1,1290.47,600.65,3.15,17.33,91.76,0,541,9,4,6.89,0,2,0,1,17.3,5.95,1,0,0,2,4,12857.34,14888.6,4,5.712,93.06,2.661,0
U10538,136.86,Recharge,20,Friday,0.054,3,422.04,1,2519.28,1280.54,4.37,16.22,41.28,0,970,3,6,7.63,0,2,0,0,11.0,37.1,0,0,0,1,2,1243.56,4208.67,2,-1.859,0.3,-0.945,0
U10539,683.11,P2P,10,Monday,0.618,3,1668.73,0,1106.02,724.45,2.95,17.24,74.55,0,860,9,1,17.91,0,1,0,0,41.59,7.99,0,0,0,1,4,2129.12,3322.61,3,-0.583,27.64,-0.382,0
U10540,277.76,P2P,2,Tuesday,0.189,1,5205.58,1,1467.84,1247.6,4.48,17.18,100.0,0,1254,5,7,2.35,1,1,0,0,21.63,37.33,0,0,0,0,5,1888.47,5433.48,3,-0.953,3.48,-0.81,0
U10541,656.54,Bill Payment,7,Tuesday,0.428,2,1307.92,1,1534.14,1367.35,4.93,16.12,100.0,0,71,12,1,8.47,0,1,0,0,13.11,15.85,0,0,0,0,6,2180.39,5760.08,1,-0.641,15.5,-0.572,0
U10542,1921.55,Recharge,18,Friday,2.553,4,4678.13,0,752.65,506.99,2.86,18.68,25.44,0,356,8,5,3.64,0,2,0,0,17.65,115.88,0,0,0,0,4,3174.62,6142.62,1,2.301,86.68,1.551,0
U10543,1253.87,Merchant,12,Wednesday,0.83,5,2378.63,0,1510.05,1064.51,4.7,18.98,73.78,0,881,3,2,5.83,0,1,0,0,10.63,20.04,0,0,0,2,7,2042.57,2722.93,1,-0.24,40.82,-0.17,0
U10544,1164.26,Recharge,13,Friday,1.817,2,2664.81,0,640.89,294.29,2.01,15.51,47.26,0,873,2,1,7.73,0,1,0,0,10.25,13.47,0,0,0,1,2,2781.38,5247.94,0,1.772,76.72,0.815,1
U10545,1279.26,Recharge,10,Saturday,1.413,4,1608.03,1,905.55,730.92,3.16,13.85,37.11,0,1356,9,5,19.24,0,1,0,0,24.31,0.82,1,0,0,2,5,3147.88,5437.56,2,0.511,66.6,0.412,0
U10546,1838.32,P2P,7,Saturday,0.944,3,3055.64,0,1947.21,762.47,1.89,18.78,100.0,1,11,12,4,64.15,0,1,0,0,26.45,21.11,0,0,0,1,3,6223.62,7021.74,0,-0.143,47.13,-0.056,0
U10547,547.13,P2M,14,Tuesday,0.388,3,2337.23,0,1408.97,449.67,1.71,19.33,64.54,0,36,8,6,11.88,1,3,0,0,14.44,180.68,0,0,1,1,4,1014.83,2119.58,1,-1.912,13.13,-0.611,0
U10548,3041.39,P2P,15,Sunday,2.907,3,4488.9,0,1046.35,923.53,1.76,19.83,71.56,0,749,11,4,17.14,0,2,0,0,27.64,32.21,1,0,0,1,3,7635.77,9301.26,3,2.158,89.4,1.905,0
U10549,2909.94,P2M,21,Tuesday,1.984,1,4190.51,0,1467.01,1190.76,1.92,19.38,28.81,0,1272,7,3,19.8,0,4,0,0,6.28,12.42,0,0,0,1,3,6037.22,7103.18,2,1.211,79.72,0.983,0
U10550,2204.51,Merchant,14,Monday,1.887,2,4467.45,1,1167.99,522.52,4.84,21.93,75.85,0,1313,10,5,30.92,0,1,0,0,13.93,44.84,0,0,2,1,3,6493.16,7972.79,4,1.98,78.07,0.887,0
U10551,2616.92,P2P,23,Monday,2.168,1,3044.41,0,1206.81,831.32,3.67,20.49,21.5,1,28,8,7,68.32,0,1,0,0,15.07,22.05,1,0,0,0,5,1657.83,6336.33,3,1.694,82.45,1.167,0
U10552,2017.55,P2M,19,Tuesday,1.251,3,3871.42,0,1612.67,892.71,5.29,23.0,38.08,0,731,9,7,10.22,0,1,0,0,12.29,24.52,0,0,0,1,4,6512.32,7360.41,4,0.453,61.01,0.251,0
U10553,11479.22,P2P,1,Sunday,13.27,1,11615.31,0,865.03,397.94,3.65,23.0,100.0,0,185,6,3,2.48,0,3,0,0,9.68,10.07,0,0,0,2,4,11753.97,12584.47,3,26.606,99.43,12.256,0
U10554,1374.89,P2P,9,Tuesday,1.125,4,4684.82,0,1221.98,533.28,4.01,13.6,31.81,0,343,10,7,5.88,0,2,0,0,19.4,28.1,0,0,0,2,1,1882.79,5271.23,2,0.286,55.86,0.125,0
U10555,1103.38,P2P,9,Friday,1.058,4,2419.21,1,1042.69,352.86,2.24,12.51,33.59,0,1274,7,3,4.68,0,6,0,0,22.76,44.85,0,0,0,2,4,3517.99,5250.51,1,0.172,52.82,0.058,0
U10556,706.05,P2P,0,Wednesday,1.201,6,3333.16,1,587.9,356.89,3.66,17.98,100.0,1,15,3,5,44.52,0,2,0,0,20.82,5.59,0,0,0,4,3,932.69,2821.68,0,0.33,59.04,0.201,0
U10557,534.3,Merchant,4,Monday,0.674,5,568.71,1,793.04,428.47,3.04,19.26,100.0,1,0,6,9,42.79,0,1,0,0,32.92,11.25,0,0,0,4,5,630.14,1978.62,2,-0.602,31.25,-0.326,1
U10558,432.14,P2M,18,Thursday,0.178,3,2799.73,2,2430.3,1416.67,5.23,17.81,19.15,0,83,9,2,8.16,1,3,0,0,9.91,52.89,1,0,0,1,3,2221.58,3583.86,1,-1.409,3.08,-0.822,1
U10559,616.72,Recharge,8,Monday,0.432,3,1378.99,3,1426.82,556.43,5.24,19.76,100.0,0,751,15,5,16.22,0,1,0,0,32.39,60.37,0,0,0,1,1,1623.65,3153.51,1,-1.453,15.77,-0.567,0
U10560,1397.64,Bill Payment,3,Thursday,2.113,1,2906.04,1,661.47,568.93,2.29,17.32,100.0,0,1427,2,3,4.42,0,1,0,0,22.97,4.44,0,0,0,1,7,6054.4,7950.72,0,1.292,81.68,1.111,0
U10561,2095.43,P2P,6,Thursday,3.492,6,4490.31,1,599.99,399.04,3.98,16.27,100.0,0,390,7,8,19.02,0,3,0,0,7.59,154.72,0,0,1,2,3,2357.05,5301.2,2,3.738,92.41,2.488,1
U10562,1578.71,P2P,6,Thursday,1.384,4,2979.55,1,1140.93,952.38,4.05,16.64,100.0,0,74,8,7,12.26,0,3,0,0,28.72,9.35,0,0,0,3,1,1666.04,2401.46,3,0.459,65.68,0.383,1
U10563,697.63,Recharge,4,Tuesday,0.288,3,2890.63,0,2422.63,777.73,3.75,17.5,100.0,0,453,6,1,2.46,0,2,0,0,35.64,20.89,0,0,1,0,8,1188.33,2084.78,2,-2.215,7.67,-0.712,0
U10564,3690.09,P2P,2,Saturday,3.345,1,4828.73,0,1103.27,722.48,2.0,20.11,100.0,0,122,7,4,14.35,0,1,0,0,12.89,5.38,0,0,0,1,4,2342.6,5776.71,1,3.576,91.78,2.343,0
U10565,3142.06,Merchant,18,Friday,1.454,4,6633.52,0,2160.78,1733.27,4.12,16.78,21.75,1,5,14,1,41.62,0,3,0,0,31.01,10.53,0,0,0,0,4,6295.34,8091.52,2,0.566,67.89,0.454,0
U10566,1278.67,P2P,19,Tuesday,0.909,2,2591.57,1,1405.92,653.89,4.7,17.28,10.71,0,311,8,3,31.2,0,1,0,0,31.27,32.34,0,0,0,1,3,4980.85,6218.23,2,-0.194,45.27,-0.09,0
U10567,780.79,Bill Payment,11,Thursday,0.526,5,2115.1,2,1483.47,559.04,2.88,19.43,66.0,0,392,8,4,9.71,0,3,0,0,30.28,14.83,0,0,0,1,5,1345.25,3429.93,3,-1.255,21.71,-0.473,0
U10568,2595.8,Recharge,14,Monday,3.946,6,3950.07,0,657.87,277.79,3.56,17.5,85.93,0,893,14,4,34.33,0,1,0,0,35.4,18.99,0,0,1,1,2,6166.34,7253.79,0,6.951,93.95,2.941,0
U10569,1810.2,P2P,22,Sunday,0.989,1,3286.23,1,1829.8,782.07,1.97,20.79,15.78,1,26,9,5,55.56,1,1,0,0,31.02,133.85,0,0,1,2,4,4415.9,7715.25,2,-0.025,49.46,-0.011,1
U10570,352.51,P2P,20,Saturday,0.342,2,802.28,1,1032.11,558.04,5.22,15.7,42.52,0,986,13,5,19.61,1,1,0,0,25.65,86.1,0,0,0,2,5,756.35,1709.41,1,-1.216,10.48,-0.658,0
U10571,1401.42,Merchant,0,Wednesday,0.792,2,2033.31,1,1769.53,817.3,1.94,15.16,100.0,0,1398,8,9,5.23,0,1,0,0,47.45,4.63,1,0,0,3,3,2627.68,3684.76,2,-0.45,38.55,-0.208,0
U10572,1949.36,P2P,22,Friday,2.343,2,4854.19,1,831.89,354.66,2.33,18.76,59.45,0,1398,6,6,15.65,0,1,0,1,47.44,20.44,1,0,0,0,3,4464.73,5671.79,1,3.142,84.58,1.342,0
U10573,610.04,P2M,1,Friday,0.469,4,3236.07,0,1299.52,872.67,2.69,19.01,100.0,0,1102,5,2,9.75,0,3,0,0,38.49,4.62,1,0,0,1,9,2301.36,4595.44,0,-0.789,18.08,-0.53,1
U10574,1813.59,P2M,0,Friday,1.29,0,4321.86,0,1405.96,399.95,4.8,15.84,100.0,0,1454,7,11,10.12,0,4,0,0,23.55,3.18,0,0,0,2,1,3823.42,7384.76,2,1.017,62.45,0.29,0
U10575,350.16,P2P,9,Monday,0.313,5,2400.17,0,1119.64,527.62,4.3,21.36,100.0,0,1112,7,6,17.32,0,2,0,0,43.07,8.81,0,0,0,4,4,2862.27,5337.55,1,-1.456,8.94,-0.687,0
U10576,5706.76,Bill Payment,17,Sunday,3.964,2,6672.65,0,1439.6,1005.33,1.53,22.81,87.28,0,129,7,11,30.1,0,1,0,0,5.92,21.57,0,0,1,0,5,7811.1,10762.77,4,4.24,94.01,2.962,0
U10577,5224.79,Bill Payment,1,Sunday,4.909,5,6107.78,1,1064.43,387.77,2.23,16.43,100.0,0,1435,6,2,23.81,0,4,0,1,8.7,10.69,0,0,1,2,2,7329.85,7737.27,1,10.701,96.01,3.905,0
U10578,1165.26,P2M,7,Sunday,1.3,3,2593.04,0,896.05,352.69,4.5,21.72,100.0,0,863,8,4,12.62,0,2,1,0,13.85,16.42,0,0,0,2,3,4423.68,4812.01,1,0.761,62.83,0.3,0
U10579,2157.43,Recharge,6,Sunday,0.873,2,5380.52,0,2471.41,940.21,3.12,12.04,46.62,0,38,1,4,8.26,0,1,0,0,6.71,12.19,0,0,0,2,2,3465.68,3978.23,2,-0.334,43.25,-0.127,0
U10580,134.73,P2P,9,Sunday,0.07,3,1849.01,0,1923.89,482.13,1.6,20.69,100.0,0,942,15,3,11.27,0,2,1,0,14.78,4.83,0,0,0,0,10,1442.29,3007.47,4,-3.703,0.49,-0.929,0
U10581,471.95,P2P,23,Saturday,0.554,1,1074.46,1,852.09,475.42,5.36,15.86,62.0,0,389,6,3,32.64,0,1,0,0,25.61,16.11,0,0,1,0,2,534.39,1673.9,0,-0.798,23.51,-0.446,0
U10582,1118.16,P2M,7,Monday,0.721,0,1475.41,0,1549.79,426.69,2.1,20.44,100.0,0,815,5,7,9.75,0,1,0,0,1.01,24.82,0,0,0,1,2,2908.63,3452.36,5,-1.009,34.25,-0.278,0
U10583,513.42,Merchant,5,Thursday,0.598,3,3197.78,2,859.09,367.18,3.54,15.6,94.94,1,22,7,5,46.69,0,2,0,0,17.45,2.46,0,1,1,2,3,1146.14,1198.85,2,-0.939,26.35,-0.402,0
U10584,3064.43,P2P,2,Tuesday,4.352,2,6996.81,1,704.13,631.34,2.49,17.83,100.0,0,70,7,2,10.69,0,2,0,0,46.16,4.22,0,0,0,0,5,9142.74,11550.77,1,3.733,94.97,3.347,0
U10585,11053.66,P2P,4,Tuesday,5.785,5,11322.26,1,1910.83,1618.39,4.45,15.97,100.0,0,674,6,8,9.58,0,2,1,0,15.52,17.47,0,0,0,2,3,27481.92,31463.69,2,5.646,97.1,4.782,1
U10586,462.48,P2M,3,Saturday,0.83,1,3210.1,0,557.37,217.26,4.61,17.47,100.0,0,111,7,6,4.59,0,1,0,0,21.21,32.6,0,0,0,1,7,1336.09,4353.74,1,-0.435,40.79,-0.17,0
U10587,649.21,Recharge,13,Saturday,0.357,4,2664.18,0,1821.04,822.2,3.09,22.57,100.0,0,195,8,7,9.18,0,3,0,0,45.8,18.19,0,0,0,1,3,1835.39,3334.79,2,-1.424,11.3,-0.643,0
U10588,1898.21,P2P,10,Thursday,1.772,4,2637.38,1,1071.0,590.56,4.13,17.73,67.89,0,340,5,5,17.51,0,3,0,0,20.58,5.91,0,0,0,0,4,2757.61,4694.67,2,1.398,75.84,0.772,0
U10589,7512.6,P2M,11,Saturday,6.886,2,9244.02,0,1091.03,871.59,5.14,23.0,100.0,0,1178,11,8,13.64,1,1,0,0,7.6,41.62,0,0,0,0,4,12680.99,13639.18,3,7.359,97.93,5.88,1
U10590,441.8,Bill Payment,19,Monday,0.306,2,953.99,0,1442.98,1113.58,4.76,17.04,39.03,0,637,6,5,18.63,0,5,0,0,44.72,56.84,0,0,0,1,3,2643.0,4272.92,3,-0.898,8.6,-0.693,0
U10591,1924.18,P2M,13,Tuesday,1.234,2,3157.92,1,1558.71,517.58,3.16,21.73,73.36,0,99,8,7,14.19,0,4,0,0,22.37,38.37,0,0,0,0,7,3570.9,5111.92,4,0.705,60.37,0.234,0
U10592,9269.82,P2P,3,Sunday,11.204,3,10759.74,0,827.35,273.76,3.27,13.94,100.0,0,1128,12,1,17.75,0,2,0,1,6.22,45.99,0,0,0,4,7,32210.95,34410.24,1,30.727,99.21,10.192,1
U10593,287.57,P2P,9,Thursday,0.173,2,3756.2,0,1657.48,863.34,5.05,17.28,75.41,0,829,9,6,12.41,0,1,0,0,17.7,6.96,1,0,0,2,3,996.73,1903.12,3,-1.585,2.94,-0.826,0
U10594,416.61,P2M,7,Thursday,0.33,4,1602.18,1,1262.81,1029.9,1.64,16.66,84.39,0,238,10,4,12.86,0,1,0,1,5.57,3.77,0,0,0,0,6,430.35,6876.5,3,-0.821,9.84,-0.67,1
U10595,982.02,P2M,19,Thursday,1.44,4,1796.26,1,681.88,561.43,1.59,21.84,31.0,0,856,5,8,15.82,0,1,0,0,3.05,13.34,0,0,1,0,4,918.83,1510.58,0,0.534,67.45,0.44,0
U10596,891.26,Recharge,7,Tuesday,0.802,3,2795.45,0,1111.69,355.5,2.32,18.46,98.97,0,395,8,6,20.02,0,2,0,0,21.0,11.5,0,0,0,1,7,1314.88,3234.7,3,-0.618,39.14,-0.198,1
U10597,3380.64,P2M,3,Saturday,1.513,5,5616.22,0,2234.23,1392.58,4.81,12.78,77.23,0,964,10,6,43.66,0,1,0,0,9.67,12.67,0,1,0,3,3,9999.11,12660.85,0,0.823,69.59,0.513,0
U10598,1910.04,Bill Payment,17,Saturday,0.749,2,2698.09,0,2551.78,896.16,2.11,14.72,41.53,0,1422,3,5,6.5,0,3,0,1,41.96,22.15,0,0,1,1,2,2611.6,3246.94,3,-0.715,35.91,-0.251,0
U10599,254.23,Merchant,10,Friday,0.153,4,834.76,0,1657.2,1153.38,2.64,15.47,57.62,0,493,5,1,19.38,0,3,0,0,20.69,2.77,0,0,0,2,3,2102.53,2448.83,1,-1.215,2.31,-0.846,0
U10600,2511.49,P2M,2,Wednesday,3.576,1,3140.34,0,702.34,593.96,4.02,20.34,100.0,1,11,7,3,56.4,0,4,0,0,13.22,0.33,0,0,0,1,9,4933.96,7625.02,1,3.041,92.73,2.572,0
U10601,841.92,P2M,16,Friday,0.563,3,4318.87,1,1496.45,816.46,2.24,20.01,35.69,0,64,11,6,18.09,0,1,0,0,35.08,53.69,0,0,0,2,1,3744.22,10268.37,5,-0.801,24.06,-0.437,0
U10602,5365.09,Merchant,5,Sunday,3.049,5,7530.65,0,1759.82,534.99,2.71,17.25,100.0,0,628,6,7,1.74,1,5,0,0,6.08,42.74,0,0,2,2,3,10708.96,10960.72,2,6.726,90.28,2.047,0
U10603,800.82,P2P,20,Friday,0.481,2,1923.68,0,1663.44,1042.17,3.37,16.63,33.87,1,21,10,3,47.13,0,3,0,0,14.52,20.73,0,0,0,1,3,2237.36,8727.34,1,-0.827,18.84,-0.518,0
U10604,793.62,Bill Payment,19,Thursday,0.465,1,3880.22,0,1708.39,880.74,2.41,19.79,15.48,1,29,7,5,43.29,0,1,0,0,28.98,61.3,0,0,1,0,5,3276.59,6046.2,1,-1.037,17.77,-0.535,0
U10605,2576.92,Bill Payment,8,Tuesday,1.824,5,3359.58,0,1413.11,1098.11,5.47,15.18,73.45,0,1395,7,7,5.64,0,1,0,1,23.64,28.66,0,0,1,1,4,4001.71,5599.59,1,1.059,76.87,0.823,0
U10606,3216.81,P2P,13,Thursday,2.769,1,4600.97,0,1161.53,547.34,2.15,19.14,87.09,1,17,9,2,53.65,0,1,0,0,40.69,4.9,0,0,0,0,4,7110.31,10139.5,1,3.748,88.45,1.768,1
U10607,2348.0,P2M,13,Wednesday,2.573,4,2851.82,0,912.61,747.14,4.9,18.93,77.45,0,738,11,5,20.48,0,2,0,0,37.96,9.42,0,0,1,0,2,3183.91,6842.29,0,1.919,86.86,1.571,1
U10608,278.0,P2P,15,Friday,0.544,2,3272.46,0,510.81,218.58,3.38,17.31,32.48,1,21,6,11,48.7,0,1,0,0,7.54,41.59,0,0,0,3,2,1754.54,3168.48,6,-1.06,22.91,-0.455,1
U10609,2568.96,P2P,1,Monday,1.837,5,3296.33,2,1398.16,492.69,2.02,18.99,100.0,0,60,12,6,3.96,0,1,1,0,10.79,30.21,0,0,0,3,5,4996.54,12769.1,1,2.372,77.14,0.837,0
U10610,533.21,P2M,7,Tuesday,0.409,3,1275.48,0,1304.79,586.13,1.97,18.26,100.0,0,543,11,6,33.16,0,1,0,1,14.28,76.6,0,0,0,2,7,1471.4,7831.48,1,-1.314,14.34,-0.591,0
U10611,1897.89,P2P,4,Saturday,1.231,2,3833.59,1,1542.23,420.56,3.5,19.24,100.0,1,4,6,3,49.59,0,2,0,0,74.59,8.55,0,0,0,1,2,4173.46,5187.74,1,0.844,60.22,0.23,0
U10612,361.22,Bill Payment,16,Wednesday,0.55,1,479.8,0,657.33,284.5,2.91,14.66,26.69,0,1091,11,9,6.1,0,1,0,0,11.21,14.31,0,0,0,0,3,3445.07,5517.01,1,-1.037,23.24,-0.45,0
U10613,2343.83,Merchant,1,Thursday,1.461,4,2743.18,1,1604.13,1089.33,2.44,19.54,100.0,1,4,10,6,57.6,0,2,0,0,5.1,0.15,0,0,0,0,1,6846.1,7460.8,2,0.678,68.09,0.461,1
U10614,669.56,Recharge,12,Thursday,0.221,3,3121.07,0,3024.87,1035.97,5.34,20.57,83.14,0,753,11,10,38.23,1,4,0,0,33.07,5.8,0,0,1,2,2,2930.35,3398.2,2,-2.271,4.68,-0.778,1
U10615,415.96,P2P,17,Thursday,0.335,4,1036.01,1,1243.12,400.77,3.35,18.8,24.58,0,298,5,4,13.12,0,1,0,0,26.31,7.03,0,0,0,1,1,1585.16,2871.96,2,-2.059,10.1,-0.665,0
U10616,3062.66,P2P,22,Saturday,2.624,4,9308.07,0,1167.16,392.22,5.22,19.5,47.03,1,24,13,2,38.84,0,2,0,0,9.37,28.72,0,0,1,0,6,7225.85,9238.34,3,4.82,87.31,1.623,0
U10617,1910.01,P2P,6,Tuesday,1.385,0,3573.91,0,1379.02,414.27,2.16,17.73,100.0,0,278,3,5,13.74,0,1,0,0,3.55,0.63,0,0,1,0,5,3245.3,4034.4,2,1.279,65.73,0.385,0
U10618,811.79,P2P,0,Saturday,0.271,1,1058.46,0,2994.79,2451.27,2.23,20.23,100.0,1,8,6,2,56.6,0,2,0,0,12.48,60.26,0,0,2,1,5,2032.7,4995.95,2,-0.89,6.86,-0.729,1
U10619,6402.21,Merchant,17,Tuesday,8.457,6,10468.75,1,757.05,653.85,3.88,18.16,100.0,1,10,8,5,51.77,0,1,0,0,16.83,55.15,0,0,0,1,4,17992.33,20134.84,2,8.621,98.62,7.447,1
U10620,965.42,P2M,0,Wednesday,0.734,2,2627.95,0,1314.91,368.52,2.58,15.13,100.0,0,1006,11,4,16.44,0,2,0,0,61.04,25.76,0,0,1,0,4,1776.85,3496.34,3,-0.946,35.04,-0.266,1
U10621,1548.94,P2P,1,Friday,1.85,3,2808.29,0,837.34,623.02,2.24,20.05,100.0,0,516,5,5,10.64,0,1,0,0,12.19,56.59,0,0,0,0,2,2357.07,3239.15,2,1.14,77.37,0.849,0
U10622,1962.81,Recharge,23,Sunday,2.092,7,3620.74,2,938.16,684.06,1.88,13.91,100.0,0,1494,7,4,17.72,0,3,0,0,9.21,4.08,0,0,1,2,2,4856.57,5819.82,0,1.496,81.39,1.091,0
U10623,807.19,P2M,20,Tuesday,0.688,1,1051.44,1,1173.52,1053.81,1.81,18.71,11.12,0,442,10,6,12.44,0,1,0,0,18.1,17.22,1,0,0,1,1,1939.73,3281.69,0,-0.347,32.13,-0.312,0
U10624,2402.72,P2P,16,Friday,1.092,5,3822.75,1,2200.35,1047.62,4.51,17.04,15.53,0,1424,6,6,6.25,0,1,0,0,16.83,34.09,0,0,0,0,4,2254.73,3281.49,0,0.193,54.39,0.092,0
U10625,879.86,P2P,20,Monday,0.326,1,1541.85,0,2698.69,1175.5,2.63,16.88,21.96,0,1259,4,7,14.5,0,3,0,0,32.97,10.0,0,0,0,0,4,1446.01,2666.89,2,-1.546,9.62,-0.674,0
U10626,993.85,P2M,1,Monday,0.677,2,2345.93,0,1468.12,799.4,5.41,18.43,100.0,0,717,10,7,1.43,0,1,0,0,23.75,14.86,0,0,0,0,4,1469.44,2360.76,1,-0.593,31.44,-0.323,0
U10627,5859.75,Bill Payment,2,Saturday,5.785,4,6847.74,2,1012.94,817.21,2.23,16.23,100.0,0,758,8,3,21.8,0,2,1,0,16.41,45.34,0,0,0,5,3,9413.04,11710.54,1,5.924,97.09,4.78,1
U10628,529.87,P2P,7,Saturday,0.144,1,2123.31,0,3684.2,2665.84,2.92,19.28,100.0,0,550,9,6,10.46,0,4,0,0,11.43,36.28,1,0,1,0,4,1324.51,1884.96,1,-1.183,2.03,-0.856,0
U10629,134.35,Merchant,0,Wednesday,0.136,1,1256.43,0,989.97,550.97,3.0,18.14,100.0,0,658,7,6,11.35,0,1,0,0,27.1,0.58,0,0,0,0,4,418.35,3672.42,3,-1.55,1.83,-0.863,0
U10630,7511.25,Recharge,21,Friday,8.094,4,8446.32,0,928.03,379.53,3.5,16.46,100.0,0,715,6,3,18.11,0,2,1,1,7.99,18.08,0,0,0,0,5,19748.33,20825.92,3,17.3,98.49,7.086,1
U10631,19197.75,Recharge,1,Wednesday,35.559,5,19793.37,0,539.88,390.1,4.98,21.35,100.0,0,244,6,4,14.36,0,1,0,0,5.53,48.72,0,0,0,0,1,15612.16,17981.35,5,47.706,99.92,34.495,0
U10632,1000.2,P2P,13,Tuesday,0.445,2,1258.04,0,2249.17,1811.58,4.84,18.51,51.29,0,504,10,9,5.36,0,1,0,1,3.79,0.58,0,0,0,0,2,1553.74,3233.92,3,-0.689,16.53,-0.555,0
U10633,216.24,P2P,20,Thursday,0.117,1,412.95,1,1855.27,946.13,1.54,19.58,24.05,0,1317,4,5,10.06,0,1,0,0,26.58,121.32,0,0,1,1,2,1915.11,2398.77,0,-1.731,1.35,-0.883,0
U10634,1099.64,Recharge,17,Wednesday,0.309,3,1513.69,1,3562.04,2438.5,3.14,21.54,41.89,0,1468,5,3,9.0,0,1,0,0,27.4,1.49,1,0,0,1,4,2902.35,6015.04,3,-1.009,8.71,-0.691,0
U10635,1126.64,P2P,5,Saturday,1.755,5,3444.4,0,642.13,327.57,4.81,21.5,100.0,1,25,7,5,44.38,0,2,1,0,20.9,19.49,1,0,0,0,4,3474.44,8468.31,1,1.475,75.46,0.753,1
U10636,1240.53,P2M,11,Wednesday,0.536,2,1804.29,0,2312.89,1297.58,1.5,19.45,75.12,0,1106,7,8,6.17,0,2,0,0,23.4,49.14,0,0,0,0,6,3623.07,5073.92,1,-0.826,22.35,-0.463,0
U10637,492.67,Bill Payment,13,Wednesday,0.398,3,1299.1,0,1238.48,732.18,3.63,17.24,51.93,0,382,7,8,16.45,0,1,0,0,11.37,22.81,0,0,0,4,0,2001.29,2295.46,2,-1.017,13.69,-0.602,0
U10638,2677.88,P2P,18,Thursday,1.553,5,3491.08,1,1724.72,1300.82,2.54,14.43,45.75,1,16,6,7,66.09,0,1,0,0,15.18,54.5,0,0,0,3,2,5575.91,7765.4,1,0.732,70.67,0.552,1
U10639,2534.44,Bill Payment,10,Saturday,4.433,1,3535.83,0,571.68,506.15,3.15,18.52,100.0,1,6,12,9,56.09,0,1,1,0,4.57,1.33,0,0,1,2,1,5950.31,7705.73,1,3.87,95.15,3.427,1
U10640,336.57,Merchant,6,Tuesday,0.145,2,2373.66,0,2323.23,1251.84,3.18,20.74,100.0,0,1321,6,8,21.96,0,2,0,0,50.57,15.27,1,0,0,1,6,559.71,1370.27,1,-1.586,2.07,-0.855,0
U10641,3018.2,Bill Payment,19,Sunday,1.765,0,4131.2,1,1709.59,807.79,3.07,18.89,8.78,1,29,10,3,38.28,0,1,0,0,15.39,8.02,0,0,1,3,3,9158.86,10928.24,2,1.618,75.7,0.765,0
U10642,11683.18,P2M,21,Thursday,9.908,3,14318.03,0,1179.17,581.14,5.07,9.39,100.0,0,1240,5,10,1.51,1,1,0,1,59.09,7.64,0,0,1,1,1,7330.62,11390.53,2,18.044,98.99,8.9,1
U10643,1781.45,Recharge,11,Friday,1.11,3,2200.59,1,1604.2,540.66,3.65,20.18,70.82,0,1207,6,4,10.98,0,4,0,1,19.61,17.2,0,0,0,1,4,1963.22,5502.92,1,0.327,55.22,0.11,0
U10644,1070.52,P2M,0,Sunday,1.259,7,3512.18,0,850.31,376.7,5.11,20.33,100.0,0,981,11,5,14.01,0,4,0,0,15.36,21.79,0,0,0,2,2,3495.83,4770.23,3,0.583,61.3,0.259,0
U10645,1301.43,Bill Payment,12,Thursday,1.408,4,5045.18,2,924.57,283.09,4.41,17.25,70.96,0,633,0,5,29.97,0,1,0,0,11.18,3.41,1,0,0,0,1,3754.95,5008.99,1,1.327,66.44,0.407,0
U10646,2775.2,Recharge,21,Tuesday,2.849,7,4180.94,0,974.11,514.46,2.9,20.47,36.25,1,18,6,5,40.29,0,1,0,0,3.96,40.45,0,0,0,0,1,3730.64,4485.51,2,3.494,89.02,1.847,0
U10647,265.75,Bill Payment,23,Saturday,0.51,5,790.22,1,521.31,187.04,3.47,19.57,33.07,1,27,13,2,44.69,0,2,0,1,1.26,14.64,0,0,0,2,2,728.75,2025.1,2,-1.359,20.69,-0.489,0
U10648,1768.01,P2P,9,Monday,1.0,4,3834.68,0,1768.47,840.31,3.06,16.29,58.89,1,9,0,5,52.62,0,1,0,0,15.92,13.43,0,1,0,0,1,4645.41,6593.67,1,-0.001,49.99,-0.0,0
U10649,1015.11,P2P,3,Thursday,0.495,3,2440.5,0,2051.43,1571.04,4.81,21.18,100.0,0,454,12,5,4.28,0,2,0,0,20.79,37.64,0,0,0,1,4,1096.2,2986.05,3,-0.659,19.69,-0.505,0
U10650,9519.0,P2P,13,Sunday,10.876,2,11326.15,1,875.22,358.71,2.25,14.83,100.0,0,486,8,5,8.23,0,4,0,1,23.74,76.49,0,0,0,1,4,25844.05,27940.02,1,24.03,99.16,9.865,1
U10651,1260.23,P2M,19,Wednesday,0.898,2,3949.59,0,1403.56,909.13,5.25,17.86,13.7,0,865,5,4,9.98,1,1,0,0,21.73,37.19,0,0,0,0,3,2610.19,4690.78,1,-0.157,44.64,-0.102,0
U10652,7951.44,P2M,22,Friday,7.467,5,8994.25,0,1064.84,889.96,3.82,17.61,100.0,0,427,2,5,9.44,0,2,0,0,38.29,3.52,0,0,0,3,7,6623.65,7524.58,2,7.729,98.24,6.461,1
U10653,497.44,P2M,1,Thursday,0.358,0,1405.87,0,1391.03,860.36,3.95,15.94,100.0,0,542,8,8,19.46,0,2,0,0,15.26,7.78,0,0,2,0,2,1798.6,4879.17,3,-1.037,11.36,-0.642,0
U10654,2698.58,P2M,6,Tuesday,2.983,4,9760.47,1,904.76,340.16,3.57,18.76,100.0,1,9,4,2,42.47,0,1,0,0,18.07,0.39,0,0,0,1,2,7306.62,10775.98,1,5.258,89.88,1.98,0
U10655,2064.45,Bill Payment,11,Wednesday,2.56,4,4150.76,0,806.36,382.29,3.72,21.28,100.0,0,512,3,5,19.95,1,1,0,0,19.9,19.6,0,0,0,2,3,6673.75,8417.5,0,3.282,86.75,1.558,0
U10656,629.03,Merchant,2,Thursday,0.326,1,3653.82,1,1926.6,1220.96,4.17,21.12,100.0,0,186,7,9,15.71,0,1,0,0,29.37,27.03,0,0,0,0,3,2173.69,10093.35,4,-1.062,9.65,-0.673,0
U10657,1791.16,P2P,21,Monday,1.536,3,4371.06,0,1166.0,675.46,4.12,19.81,27.76,1,24,10,4,40.59,0,1,0,0,44.65,15.72,1,0,0,1,1,1395.5,3665.66,2,0.924,70.22,0.536,0
U10658,5042.91,Bill Payment,2,Wednesday,1.692,1,8093.95,0,2981.04,1033.24,2.36,13.76,100.0,0,1154,14,6,7.94,1,1,0,1,4.14,17.14,0,0,2,3,5,11719.69,12287.61,3,1.994,74.1,0.691,0
U10659,1085.1,Bill Payment,15,Wednesday,0.886,4,2938.66,1,1225.27,662.16,3.83,14.66,0.0,0,1424,5,2,5.61,0,1,0,0,6.97,8.14,0,0,0,1,1,1019.62,2368.29,0,-0.211,43.96,-0.114,0
U10660,276.24,P2M,22,Saturday,0.349,5,3074.2,1,791.03,476.99,2.92,18.42,36.94,0,1033,6,3,2.46,0,1,0,1,5.08,11.88,0,0,0,2,6,1289.4,2570.74,2,-1.077,10.92,-0.65,0
U10661,1473.89,P2P,16,Monday,0.707,4,2284.78,0,2084.32,883.26,4.05,17.91,34.79,0,119,9,6,13.7,0,3,0,0,24.88,51.24,1,0,0,1,2,2299.5,2589.21,2,-0.69,33.34,-0.293,1
U10662,608.38,Bill Payment,18,Saturday,0.382,4,858.46,0,1593.9,1032.99,3.69,16.75,9.61,0,858,6,5,13.56,0,1,0,0,10.7,42.35,0,0,1,4,9,2161.35,3560.62,0,-0.953,12.74,-0.618,0
U10663,1065.16,Merchant,6,Wednesday,0.64,7,1701.46,1,1664.32,491.98,2.22,22.76,100.0,0,428,12,6,27.98,0,2,0,1,20.16,45.96,1,0,0,0,0,2243.23,5237.27,3,-1.215,29.07,-0.36,0
U10664,1382.48,Bill Payment,19,Friday,0.674,1,2648.07,1,2050.52,961.27,4.44,18.26,19.22,0,501,7,6,3.24,0,2,0,0,9.45,22.3,1,0,0,2,5,3544.66,6908.87,2,-0.694,31.26,-0.326,0
U10665,272.48,Merchant,10,Thursday,0.305,4,1407.57,0,894.55,691.29,3.33,19.36,91.31,0,1384,9,3,10.9,0,3,0,0,42.41,130.01,0,0,0,2,5,300.44,5544.03,1,-0.899,8.53,-0.695,1
U10666,298.14,Merchant,1,Wednesday,0.263,0,1729.92,0,1133.21,474.29,3.71,20.47,100.0,0,1241,11,6,10.9,0,1,0,0,32.54,53.52,0,0,0,0,4,749.89,3133.96,1,-1.757,6.5,-0.736,0
U10667,2429.13,P2M,8,Sunday,2.187,2,3198.17,0,1110.9,714.71,4.19,18.14,100.0,0,1110,10,3,14.97,0,1,0,0,23.4,27.17,0,0,0,0,5,3153.66,5970.0,1,1.842,82.69,1.186,0
U10668,889.36,P2M,8,Tuesday,1.325,2,1032.19,0,671.32,346.75,4.11,23.0,100.0,0,766,10,5,20.69,0,1,0,0,26.33,17.93,0,0,0,0,5,3379.97,4417.58,1,0.627,63.69,0.324,0
U10669,115.41,P2M,12,Monday,0.108,3,1133.9,1,1065.78,485.67,4.5,15.65,47.93,0,879,9,6,21.97,0,1,0,1,13.93,18.12,1,0,0,2,4,568.3,3148.89,0,-1.953,1.18,-0.891,0
U10670,3288.1,Merchant,6,Saturday,1.502,4,3653.44,1,2189.54,1851.22,2.33,16.48,90.8,0,1376,4,4,22.74,0,1,0,0,33.26,84.33,0,0,1,1,2,3828.2,6056.35,2,0.593,69.27,0.502,0
U10671,1969.61,P2P,11,Friday,1.475,2,3353.79,0,1335.26,631.74,1.94,15.64,42.92,0,1001,8,4,6.05,0,1,1,0,26.89,52.98,0,0,0,2,3,5297.78,6589.68,1,1.003,68.5,0.475,1
U10672,734.61,P2M,10,Sunday,1.122,4,2654.62,2,654.81,264.44,4.18,21.91,100.0,0,881,8,2,27.28,0,2,0,0,38.52,27.08,0,0,0,0,7,2279.07,7660.36,3,0.301,55.72,0.122,0
U10673,401.98,Recharge,7,Thursday,0.675,1,1403.88,1,595.83,501.12,2.44,20.01,100.0,0,172,9,3,33.98,0,1,0,1,4.99,6.22,0,0,1,1,1,1684.95,2248.2,3,-0.386,31.31,-0.325,0
U10674,3460.02,P2P,16,Monday,1.363,4,3952.7,1,2538.24,1865.26,1.96,16.64,22.01,1,14,9,6,46.28,0,1,0,0,14.71,7.94,0,0,2,1,3,11056.78,12838.1,0,0.494,65.01,0.363,0
U10675,2127.22,Bill Payment,7,Monday,1.846,1,3616.65,0,1152.21,798.68,2.02,15.84,100.0,0,1218,5,2,12.24,0,1,0,0,11.92,35.57,0,0,1,1,0,4293.01,8353.6,5,1.219,77.3,0.845,0
U10676,16249.59,P2M,18,Thursday,18.121,3,23567.71,0,896.72,253.05,2.75,21.46,100.0,0,566,3,4,23.22,1,2,0,0,10.81,43.97,0,0,0,3,0,44633.69,45444.63,1,60.432,99.7,17.102,1
U10677,2283.37,Merchant,6,Tuesday,2.152,2,4368.99,1,1060.8,355.67,5.47,18.9,100.0,0,397,9,2,15.96,0,3,0,0,2.64,45.87,0,0,0,2,3,5385.67,6513.49,0,3.428,82.23,1.151,0
U10678,2210.39,Recharge,20,Sunday,3.581,3,4410.93,0,617.26,410.43,2.13,21.53,65.25,0,1452,2,5,17.43,0,4,0,0,32.63,48.81,1,0,0,0,7,4175.99,7084.08,2,3.872,92.75,2.577,0
U10679,1269.39,P2P,8,Monday,0.558,4,2184.7,0,2276.67,879.09,2.69,17.85,100.0,0,1435,2,4,6.47,0,1,0,0,6.7,55.65,0,0,0,1,4,3881.61,6791.34,3,-1.145,23.73,-0.442,0
U10680,3394.79,Bill Payment,0,Sunday,3.376,6,4076.5,0,1005.46,398.83,5.18,19.28,100.0,0,647,6,4,46.68,0,1,0,0,14.0,49.32,0,0,0,1,3,6415.99,7945.81,4,5.976,91.92,2.374,0
U10681,2802.61,P2P,3,Tuesday,1.262,5,5858.52,0,2220.32,1679.54,5.35,18.75,100.0,1,26,8,6,46.34,0,2,0,0,25.19,4.94,0,0,0,4,7,5479.2,7574.76,1,0.346,61.43,0.262,0
U10682,5244.55,P2M,19,Monday,4.27,4,5324.8,0,1228.22,535.32,2.42,16.44,73.31,0,1202,4,6,23.9,0,1,0,0,22.75,21.78,0,0,0,0,2,9327.15,11096.28,1,7.489,94.79,3.267,1
U10683,890.6,Bill Payment,20,Tuesday,0.39,0,1638.33,0,2283.28,677.07,5.02,17.64,33.84,0,949,7,8,7.32,0,2,0,0,20.04,20.52,0,0,0,1,4,3518.28,6658.85,1,-2.054,13.22,-0.61,0
U10684,970.5,Recharge,5,Tuesday,0.721,4,5298.91,0,1346.94,368.63,2.06,15.04,84.36,0,1353,7,10,26.07,1,1,0,0,8.92,42.62,0,0,0,2,4,3326.92,6559.38,1,-1.018,34.19,-0.279,0
U10685,929.01,P2P,14,Wednesday,0.527,2,2247.12,1,1761.69,947.9,4.55,19.24,65.81,1,21,7,10,60.35,0,1,0,0,14.28,107.86,0,0,0,0,1,1387.71,5721.3,2,-0.878,21.78,-0.472,1
U10686,3307.75,P2P,13,Wednesday,1.994,4,3597.23,0,1658.5,1079.91,1.55,19.9,87.1,1,10,7,3,62.95,0,2,0,0,38.71,43.17,1,0,0,0,4,6706.8,11018.34,1,1.526,79.9,0.994,0
U10687,6711.61,Bill Payment,3,Thursday,4.225,1,8673.88,0,1588.52,1294.29,3.13,20.48,100.0,0,240,2,8,19.62,0,1,0,0,12.56,70.43,1,0,0,1,4,5726.07,7879.93,1,3.955,94.69,3.223,1
U10688,948.02,P2M,10,Thursday,0.676,4,1955.45,0,1403.39,451.92,2.49,19.67,84.68,0,916,4,5,12.72,0,2,0,0,14.21,4.38,0,0,1,1,3,2652.12,3324.89,1,-1.005,31.35,-0.324,0
U10689,980.88,P2M,16,Monday,0.908,3,1198.72,0,1080.62,408.3,4.32,17.68,9.54,1,11,11,2,74.35,0,1,0,0,24.29,28.38,0,0,0,2,3,1535.93,2480.52,1,-0.244,45.18,-0.092,0
U10690,2053.49,P2P,23,Monday,0.723,2,3748.95,1,2841.32,1688.8,1.56,21.88,12.39,1,17,13,7,50.38,0,3,0,0,13.95,43.0,0,0,0,0,5,1266.72,2335.92,2,-0.466,34.32,-0.277,0
U10691,1173.16,P2P,20,Tuesday,1.47,6,2681.87,1,797.88,388.3,3.36,20.23,7.95,0,1178,8,5,4.04,1,2,0,0,10.11,0.88,0,0,0,0,4,3429.65,4997.71,3,0.964,68.36,0.47,0
U10692,3886.54,Recharge,2,Tuesday,3.233,2,5328.37,0,1202.33,677.69,4.29,21.47,100.0,1,5,9,5,61.62,0,1,0,0,9.33,19.83,0,0,1,3,4,8573.04,10442.07,3,3.955,91.26,2.231,0
U10693,157.82,P2P,5,Monday,0.131,4,2221.72,0,1208.07,1027.68,1.69,21.63,100.0,0,342,13,5,10.14,0,2,0,0,10.91,27.49,0,0,0,1,3,1072.93,1855.92,1,-1.021,1.7,-0.869,0
U10694,656.23,P2M,10,Wednesday,0.456,3,1116.9,0,1438.24,868.96,5.09,17.69,52.22,0,1442,8,6,15.38,0,2,0,0,19.82,2.26,0,0,0,0,2,1951.8,2211.84,2,-0.899,17.25,-0.543,0
U10695,685.95,Merchant,3,Thursday,0.693,3,2512.63,0,989.12,514.17,2.94,18.97,100.0,0,1445,14,4,1.51,0,3,0,0,35.68,60.37,0,0,0,3,1,2001.29,4464.83,0,-0.588,32.49,-0.306,0
U10696,147.36,P2P,13,Wednesday,0.107,1,1741.46,1,1382.59,1234.84,2.16,19.94,64.49,0,756,6,6,16.52,0,2,0,0,20.12,29.87,0,0,0,0,3,242.94,1925.39,1,-1.0,1.14,-0.893,0
U10697,572.25,Bill Payment,0,Wednesday,0.515,3,3583.59,1,1112.2,325.2,2.4,15.13,100.0,0,464,4,1,13.23,0,5,0,0,20.26,11.63,0,0,0,2,4,1282.53,6895.13,4,-1.655,20.96,-0.485,0
U10698,600.68,P2P,2,Thursday,1.02,5,1339.39,0,588.87,504.0,2.86,15.18,100.0,0,267,8,5,12.08,0,2,0,1,12.94,12.84,0,0,0,0,1,1549.58,2584.6,3,0.023,50.99,0.02,0
U10699,1226.74,Recharge,1,Thursday,1.018,3,4611.75,1,1205.17,694.27,2.29,14.75,100.0,0,951,11,5,5.15,0,2,0,1,26.8,27.71,0,0,0,0,5,4924.83,9925.82,3,0.031,50.89,0.018,1
U10700,4565.06,Bill Payment,7,Wednesday,6.242,3,7113.22,0,731.3,422.28,3.54,17.73,100.0,0,927,8,3,18.51,0,3,0,0,33.23,84.49,0,0,0,2,1,9673.41,10510.2,4,9.057,97.49,5.235,0
U10701,1173.99,Recharge,18,Tuesday,2.135,4,2450.95,0,549.83,466.96,4.03,17.17,18.4,0,939,14,6,6.12,0,1,0,0,22.0,29.67,0,0,0,1,4,3122.03,4744.3,3,1.334,81.98,1.133,0
U10702,535.07,P2P,4,Wednesday,0.419,3,1976.21,1,1276.24,739.91,3.23,14.41,87.51,0,1158,8,6,13.5,0,1,0,0,9.78,15.32,0,0,0,1,6,1426.35,3182.94,1,-1.0,14.98,-0.58,0
U10703,1416.96,P2M,23,Monday,0.948,4,1508.68,3,1494.62,799.57,3.21,18.37,35.01,0,722,9,7,13.37,0,5,0,1,25.47,26.13,0,0,0,1,4,975.56,1410.93,1,-0.097,47.34,-0.052,1
U10704,4282.94,Bill Payment,6,Thursday,2.816,1,5692.46,1,1520.95,649.62,4.63,17.76,100.0,0,1034,9,7,16.81,1,1,0,0,11.67,5.25,0,0,0,0,5,6504.03,8536.62,4,4.245,88.79,1.815,0
U10705,565.25,P2P,1,Sunday,0.365,1,2988.98,1,1548.91,1050.52,2.7,20.96,100.0,0,993,10,5,12.15,0,1,0,0,13.51,44.66,0,0,1,0,2,1455.2,2392.6,1,-0.935,11.78,-0.635,0
U10706,603.44,P2P,8,Wednesday,1.2,2,1725.67,0,502.91,311.94,3.99,23.0,100.0,0,1199,7,9,13.21,0,1,0,1,5.24,1.58,0,0,0,0,1,1310.11,4995.74,0,0.321,59.0,0.199,0
U10707,2622.2,P2P,17,Monday,4.032,5,5628.3,0,650.42,253.22,5.07,19.14,65.51,0,1123,5,5,12.48,0,1,0,0,4.5,15.59,0,0,0,1,6,7498.93,10358.35,2,7.756,94.19,3.027,1
U10708,1201.93,Merchant,2,Friday,0.412,2,3189.28,2,2916.56,2074.02,2.39,16.26,100.0,0,82,6,5,16.16,0,1,0,0,18.82,54.99,0,0,1,0,1,3785.44,6048.89,4,-0.826,14.53,-0.588,0
U10709,2866.09,Bill Payment,1,Monday,3.826,3,8094.78,0,749.07,500.87,3.98,19.62,100.0,1,22,3,7,57.19,0,1,0,0,8.02,25.18,0,0,0,0,0,4426.45,5549.24,2,4.218,93.59,2.822,1
U10710,1479.67,P2M,20,Tuesday,0.937,2,2266.45,2,1579.64,802.88,5.29,18.02,16.32,0,1463,7,2,12.88,0,1,0,0,6.39,18.95,0,0,0,0,1,1764.19,2381.64,0,-0.124,46.74,-0.063,0
U10711,3025.66,Bill Payment,14,Tuesday,3.435,1,5285.36,0,880.91,222.75,3.62,17.4,77.32,0,853,8,3,27.1,0,3,0,0,21.5,48.73,0,0,0,1,5,3613.32,8444.14,2,9.585,92.17,2.432,0
U10712,532.8,P2M,8,Sunday,0.428,3,909.75,1,1243.8,672.0,5.41,15.85,65.73,0,808,9,2,11.64,0,2,0,0,8.96,92.73,0,0,1,1,4,923.71,5494.13,1,-1.056,15.53,-0.571,0
U10713,1481.98,P2M,18,Sunday,1.642,0,2690.61,0,902.45,229.17,2.74,16.84,19.97,0,921,9,6,6.58,0,1,0,0,13.96,2.18,1,0,2,1,1,4944.85,6042.27,0,2.518,72.93,0.641,0
U10714,1215.04,P2M,20,Thursday,0.786,1,3289.06,0,1544.99,461.56,3.76,17.56,19.29,1,25,10,3,67.18,0,1,0,0,8.85,32.04,0,0,0,1,7,1731.64,4937.92,4,-0.713,38.22,-0.213,1
U10715,444.67,P2M,8,Friday,0.348,2,2806.66,0,1276.18,676.24,2.74,20.01,100.0,0,620,2,14,20.56,1,1,0,0,21.1,17.11,0,0,0,0,1,967.88,1768.27,1,-1.228,10.85,-0.651,0
U10716,314.11,P2P,13,Friday,0.32,4,1365.27,0,980.78,297.42,1.51,19.28,63.13,0,1491,6,3,12.97,1,1,0,0,22.13,61.1,0,0,0,1,4,1501.5,2449.42,0,-2.234,9.34,-0.679,0
U10717,2977.89,Recharge,0,Friday,3.981,2,6213.05,1,748.07,321.06,5.49,22.56,100.0,0,134,7,3,13.77,0,2,0,0,30.27,11.84,1,0,0,0,1,5908.36,7591.7,3,6.924,94.05,2.977,1
U10718,1056.03,Recharge,7,Thursday,0.78,2,4782.49,0,1353.67,915.17,2.46,19.69,100.0,0,1226,4,8,9.67,0,1,0,0,5.05,97.39,0,0,0,0,1,4163.3,6498.26,3,-0.325,37.84,-0.22,0
U10719,539.66,P2P,14,Sunday,0.776,4,1334.65,0,695.31,313.31,5.39,19.06,44.88,0,264,6,7,3.23,0,2,0,0,17.41,45.95,0,0,1,1,5,1422.17,2001.88,0,-0.495,37.61,-0.224,0
U10720,1362.45,P2M,4,Saturday,0.937,2,2602.13,2,1454.54,1306.86,4.11,17.23,100.0,0,333,12,2,30.58,0,3,0,0,38.93,90.08,1,0,0,0,7,4591.99,4860.81,1,-0.07,46.74,-0.063,0
U10721,4634.29,P2P,23,Monday,1.184,1,5771.01,1,3912.75,3308.61,5.12,15.41,54.64,0,921,9,2,27.43,0,1,0,0,14.42,9.29,1,0,0,3,6,9675.48,10581.86,1,0.218,58.38,0.184,0
U10722,153.31,Merchant,23,Wednesday,0.07,5,1067.99,1,2203.17,1388.99,5.37,16.58,62.7,0,967,6,3,4.28,0,2,0,0,24.9,5.83,0,0,0,2,2,142.52,1697.8,2,-1.475,0.49,-0.93,0
U10723,335.82,Merchant,6,Sunday,0.203,4,3904.19,0,1657.94,1456.53,3.77,16.25,95.1,0,1392,6,5,26.96,1,1,0,0,11.93,11.31,0,0,1,2,1,989.22,1535.02,2,-0.907,3.96,-0.797,0
U10724,596.06,Merchant,9,Wednesday,0.516,3,4136.36,1,1154.65,940.13,5.5,11.6,26.49,1,16,9,5,54.03,0,4,0,0,17.12,65.43,0,0,0,1,5,1293.75,2487.01,2,-0.594,21.07,-0.483,0
U10725,6466.56,P2P,4,Tuesday,12.894,4,7635.19,1,501.52,229.34,4.57,15.48,100.0,1,14,12,4,40.12,0,2,0,0,4.43,43.22,1,0,1,2,0,7573.88,8798.16,0,25.897,99.4,11.87,1
U10726,1989.84,P2P,12,Sunday,3.006,5,4241.57,1,661.86,487.95,3.6,22.01,100.0,0,404,5,7,12.93,0,2,0,0,21.3,25.55,0,0,0,1,2,5537.07,11887.23,4,2.716,90.02,2.003,0
U10727,3230.97,P2P,2,Friday,1.512,2,6212.79,0,2137.37,724.44,4.12,18.92,100.0,0,829,10,3,10.13,0,2,0,0,5.94,41.01,0,0,0,2,3,7788.63,10170.62,0,1.507,69.55,0.511,1
U10728,479.65,P2P,9,Thursday,0.57,1,2192.57,0,841.08,584.52,2.28,17.06,78.35,0,555,4,7,12.36,0,2,0,1,49.17,101.52,0,0,1,2,1,1210.07,3175.68,3,-0.617,24.57,-0.429,1
U10729,489.65,P2P,13,Wednesday,0.559,3,1586.29,1,876.04,498.64,1.54,19.0,46.48,0,400,9,6,8.33,0,1,0,0,5.08,5.01,0,0,0,4,2,1996.57,3349.24,1,-0.773,23.84,-0.441,1
U10730,2347.33,P2P,14,Monday,2.107,2,3092.02,1,1113.8,290.63,2.53,13.12,22.94,1,17,10,10,41.07,0,1,0,0,23.09,56.05,0,0,0,2,6,6636.09,10950.85,1,4.23,81.61,1.107,1
U10731,1590.01,Merchant,14,Wednesday,2.137,1,3998.48,1,744.09,318.66,3.24,18.71,60.54,0,855,8,5,13.58,0,2,0,0,26.72,9.86,0,0,1,2,2,5986.4,6598.48,2,2.646,82.01,1.135,0
U10732,2596.6,P2P,5,Thursday,3.758,2,3008.29,0,690.92,601.79,2.41,21.19,100.0,0,1017,8,3,18.1,0,3,0,0,0.12,21.48,0,0,1,1,0,6273.77,8954.74,3,3.161,93.37,2.754,0
U10733,1243.33,P2P,19,Sunday,1.06,4,2364.77,1,1173.05,534.08,3.56,17.7,14.57,0,1131,12,5,9.82,1,4,0,0,46.13,8.68,0,0,0,2,4,2912.88,7404.44,5,0.131,52.9,0.06,0
U10734,1981.01,Recharge,16,Wednesday,2.466,5,2947.27,0,803.43,295.62,4.13,13.57,32.51,0,631,10,4,37.51,0,2,0,0,23.55,8.29,0,0,0,3,2,2846.48,5891.1,1,3.97,85.86,1.464,0
U10735,1756.96,P2M,18,Tuesday,2.044,2,2141.8,1,859.73,319.73,4.12,16.97,33.09,0,1111,7,5,15.93,0,2,0,0,24.99,50.95,0,0,0,1,4,3166.15,4152.38,0,2.797,80.66,1.042,0
U10736,3264.91,Bill Payment,11,Wednesday,3.867,3,4585.09,0,844.33,474.08,5.08,21.2,100.0,1,24,9,2,64.98,0,1,0,0,14.32,2.96,0,0,1,0,3,8409.67,8965.51,7,5.095,93.72,2.863,0
U10737,3361.79,P2M,21,Sunday,2.215,2,4580.02,0,1517.98,1210.93,5.37,18.65,40.28,0,1095,3,4,5.54,0,1,0,0,29.69,54.69,1,0,0,1,4,10269.65,13423.09,1,1.521,83.05,1.214,0
U10738,296.89,Recharge,9,Thursday,0.275,4,906.06,2,1080.98,802.85,5.06,14.45,66.5,0,466,13,3,6.23,0,1,0,0,18.6,8.32,0,0,0,2,2,1645.2,4370.36,0,-0.975,7.05,-0.725,0
U10739,158.53,P2M,19,Wednesday,0.143,2,3634.66,1,1107.34,591.27,3.98,23.0,44.98,1,19,8,2,46.19,0,2,0,0,10.2,20.7,0,0,0,1,2,747.32,4310.29,0,-1.602,2.03,-0.856,0
U10740,4084.55,P2M,4,Friday,2.602,3,6505.06,0,1569.8,605.43,2.32,14.87,100.0,0,377,8,5,21.84,1,1,0,0,20.66,18.62,0,0,0,1,2,10036.12,12929.43,1,4.147,87.12,1.601,1
U10741,4919.42,Bill Payment,5,Friday,4.37,11,6378.74,0,1125.7,315.13,5.27,17.39,100.0,0,136,10,2,15.83,0,2,0,0,16.75,7.58,0,0,0,0,5,6354.49,10112.71,3,12.001,95.02,3.367,1
U10742,540.56,P2M,12,Wednesday,0.511,6,3229.04,0,1058.77,583.07,2.2,15.41,51.29,0,682,10,2,26.65,0,6,0,1,7.4,47.98,0,0,1,2,1,1911.39,3258.2,5,-0.887,20.71,-0.489,0
U10743,233.55,P2P,13,Sunday,0.157,1,3378.81,0,1482.94,1156.11,2.11,15.41,28.59,0,779,5,5,1.8,0,1,0,1,5.02,4.33,0,0,0,0,5,639.01,2435.1,2,-1.08,2.44,-0.842,0
U10744,1656.16,P2M,17,Friday,1.022,1,5240.54,1,1620.95,1174.04,2.77,16.87,0.54,0,720,7,2,15.28,1,1,1,1,9.77,46.93,0,0,0,3,3,3491.04,4149.24,3,0.03,51.07,0.022,0
U10745,3804.95,P2P,7,Monday,3.388,5,4587.59,0,1123.15,579.09,3.79,19.59,100.0,0,414,7,6,49.03,0,3,0,0,10.13,94.21,0,0,0,1,3,7281.41,7816.92,3,4.623,91.98,2.386,0
U10746,9052.67,Bill Payment,20,Wednesday,7.275,0,11740.41,0,1244.33,792.09,4.23,21.23,100.0,0,431,6,7,3.5,0,3,0,0,5.55,25.53,0,0,0,2,5,26519.13,28754.59,0,9.845,98.14,6.27,0
U10747,2513.72,P2P,7,Sunday,2.978,9,3736.12,0,844.1,450.38,1.55,17.03,100.0,0,1384,3,7,13.96,0,1,0,0,18.42,7.66,0,0,0,1,9,5382.26,6464.68,1,3.699,89.85,1.976,0
U10748,1034.32,P2P,12,Wednesday,1.27,0,2702.76,0,814.66,510.27,4.61,15.47,39.66,0,458,6,9,11.05,0,1,0,1,18.56,0.17,0,0,1,2,5,1442.47,6035.55,2,0.43,61.7,0.269,0
U10749,614.06,P2P,22,Thursday,0.362,3,1432.63,0,1696.28,994.66,2.2,19.2,29.47,1,22,5,6,44.91,0,2,0,0,29.04,30.8,1,0,0,1,3,1634.61,4334.93,2,-1.087,11.61,-0.638,0
U10750,1517.28,Recharge,12,Friday,1.035,2,2923.43,0,1466.01,1015.4,2.69,19.27,64.52,0,408,11,1,2.56,0,1,0,0,31.07,4.1,0,0,0,2,5,3966.4,5877.51,4,0.05,51.72,0.035,0
U10751,1112.04,P2P,16,Friday,0.755,3,3827.36,0,1472.86,854.27,2.79,18.6,25.7,0,188,13,2,30.97,0,2,0,0,17.62,28.42,0,0,0,1,3,1847.24,2268.64,1,-0.422,36.32,-0.245,0
U10752,543.57,Bill Payment,21,Sunday,0.399,5,4758.1,2,1361.66,1172.93,2.83,18.69,19.53,0,122,5,12,7.96,0,2,0,0,51.06,6.41,0,0,2,2,3,2335.94,3098.7,2,-0.697,13.77,-0.6,0
U10753,11637.36,Recharge,23,Tuesday,9.498,2,12937.04,1,1225.21,647.18,4.54,17.72,100.0,0,387,6,4,4.24,0,2,0,0,10.09,29.89,0,0,0,1,7,33682.82,34639.4,2,16.064,98.9,8.491,1
U10754,8940.88,P2P,11,Thursday,5.446,3,9569.01,0,1641.66,427.4,1.66,18.25,100.0,0,1266,16,8,6.56,0,5,0,0,21.61,11.64,0,0,1,3,3,9691.09,10970.07,3,17.038,96.74,4.444,1
U10755,4671.66,Bill Payment,10,Thursday,2.556,3,9312.66,1,1827.81,737.78,2.29,17.55,96.28,0,699,4,5,5.42,0,3,0,0,10.31,27.95,0,0,0,1,4,4636.48,7940.48,1,3.849,86.72,1.555,0
U10756,597.27,P2P,4,Tuesday,0.33,5,1352.62,0,1808.28,1040.47,1.59,20.68,100.0,0,1051,13,6,4.2,0,1,0,0,14.76,8.44,0,0,0,0,4,2782.06,3289.31,5,-1.163,9.86,-0.669,0
U10757,3527.13,P2P,12,Friday,3.076,7,3784.32,0,1146.8,689.65,4.61,23.0,100.0,1,3,8,5,47.21,1,2,0,0,23.45,42.0,0,0,0,1,1,4727.43,11013.57,1,3.447,90.43,2.074,1
U10758,2843.66,Bill Payment,22,Monday,1.27,4,3721.28,0,2239.98,1364.26,5.43,18.45,37.6,0,100,7,6,24.1,0,3,0,0,31.89,1.24,1,0,0,2,3,5565.23,8537.18,3,0.442,61.71,0.269,0
U10759,2335.0,Merchant,11,Thursday,1.756,4,5374.01,1,1329.93,950.18,4.14,17.98,74.07,1,5,12,6,55.04,0,2,0,0,26.91,33.12,0,0,0,1,4,2773.6,3451.76,1,1.057,75.49,0.755,0
U10760,5233.76,P2P,8,Wednesday,3.281,3,5944.05,1,1595.03,683.5,3.86,18.64,100.0,0,1382,15,9,7.71,0,1,1,0,14.81,44.19,0,0,0,0,5,8304.2,12681.03,1,5.316,91.49,2.28,0
U10761,2831.58,P2M,2,Tuesday,2.078,4,3313.83,0,1362.42,929.43,5.13,16.36,100.0,0,864,11,7,12.66,0,1,0,0,11.1,105.14,0,0,0,0,3,5162.95,7829.07,3,1.579,81.19,1.078,0
U10762,3143.95,P2P,9,Saturday,2.344,0,4695.09,0,1341.08,948.98,2.52,19.91,100.0,0,938,8,7,10.54,0,1,0,0,20.02,12.25,0,0,0,2,4,6642.3,7693.1,3,1.898,84.59,1.343,1
U10763,2835.93,P2M,5,Tuesday,3.291,3,7051.84,0,861.77,445.82,1.77,19.1,100.0,0,531,5,3,10.07,1,2,0,0,27.17,26.47,0,0,0,2,2,2414.79,5420.76,1,4.418,91.53,2.288,1
U10764,2109.09,P2M,23,Tuesday,1.282,1,4123.93,0,1645.31,841.43,3.54,16.95,48.79,0,1245,7,2,3.99,0,1,0,1,14.24,2.15,0,0,0,1,4,4458.42,5175.02,3,0.551,62.16,0.282,0
U10765,252.05,P2M,12,Saturday,0.058,4,656.69,2,4317.62,1581.55,2.54,20.26,76.3,0,980,9,5,7.91,0,3,0,0,24.58,7.48,1,0,0,1,4,2110.16,3920.41,0,-2.569,0.34,-0.941,0
U10766,1630.83,P2M,3,Sunday,1.609,1,7376.8,0,1013.76,526.23,3.3,18.05,100.0,0,408,6,8,11.82,0,1,0,0,8.87,13.92,1,0,0,0,2,6044.33,8552.07,1,1.17,72.11,0.608,1
U10767,860.08,P2P,1,Monday,0.694,1,2702.21,1,1238.96,943.38,3.33,15.57,100.0,1,23,8,6,46.31,0,1,0,0,30.91,2.75,0,1,1,1,5,1844.1,2589.15,0,-0.401,32.53,-0.306,1
U10768,417.12,Bill Payment,20,Tuesday,0.425,2,3244.55,0,981.7,825.45,2.78,18.88,1.56,1,22,4,11,60.75,0,2,0,0,13.32,138.74,0,0,0,2,1,1300.44,3279.82,2,-0.683,15.33,-0.575,1
U10769,8062.97,Bill Payment,22,Friday,8.369,2,8379.56,0,963.4,612.58,3.45,18.59,100.0,0,383,11,5,21.45,1,3,0,0,23.99,8.64,0,0,0,1,5,12106.37,14431.07,1,11.571,98.59,7.362,0
U10770,8452.48,Bill Payment,18,Saturday,3.515,3,13562.18,0,2404.46,1069.0,3.02,20.4,62.61,1,0,7,2,58.43,0,4,0,0,35.07,0.81,0,0,0,0,1,5935.31,7195.06,2,5.652,92.51,2.514,1
U10771,5839.74,P2P,2,Sunday,6.588,3,6874.16,0,886.46,614.75,1.95,20.08,100.0,0,1185,9,6,37.45,0,2,0,0,21.64,25.55,0,0,0,1,2,9467.14,10440.59,3,8.044,97.74,5.581,0
U10772,1936.11,P2M,2,Thursday,1.997,4,2223.45,1,969.46,708.77,4.97,17.73,100.0,0,1110,6,6,14.19,0,2,0,0,25.58,35.89,1,0,2,1,3,5107.87,6969.64,2,1.362,79.94,0.996,0
U10773,5789.76,P2M,4,Monday,9.857,3,7485.99,0,587.4,273.69,4.31,16.82,100.0,0,164,10,2,5.22,0,3,0,0,27.91,0.75,0,0,0,4,2,16831.54,18250.09,2,18.939,98.98,8.842,1
U10774,1518.19,P2P,18,Sunday,1.779,5,4344.66,1,853.33,671.79,1.67,18.0,14.66,0,1362,11,6,2.67,0,1,0,0,32.83,12.85,0,0,0,0,3,1731.38,6582.59,4,0.988,75.97,0.778,0
U10775,1837.24,P2P,18,Tuesday,3.303,4,4080.47,0,556.29,165.72,1.96,18.91,35.06,0,1232,10,5,10.62,0,1,0,0,29.99,17.57,0,0,0,2,2,3095.49,5634.49,2,7.683,91.58,2.299,0
U10776,502.58,P2M,20,Monday,0.315,5,2717.09,2,1594.62,409.8,1.89,19.21,17.15,0,669,6,6,10.79,0,1,0,0,17.77,1.39,0,0,1,2,6,1794.49,3246.2,2,-2.658,9.06,-0.684,0
U10777,2231.01,Bill Payment,2,Friday,0.527,4,4330.69,0,4229.93,1395.59,1.75,18.75,100.0,1,4,7,8,46.44,0,5,0,0,32.13,44.47,0,0,1,2,1,4539.6,6233.28,3,-1.431,21.77,-0.472,1
U10778,1593.37,P2P,3,Friday,1.566,0,3174.74,2,1017.47,357.54,1.74,17.77,100.0,0,647,13,5,19.43,0,1,0,0,19.99,25.61,0,0,0,1,6,5604.7,6628.53,0,1.606,71.02,0.565,0
U10779,407.71,Recharge,21,Monday,0.719,3,722.92,0,566.82,465.53,2.13,20.49,14.2,0,896,5,5,7.0,0,2,0,1,14.92,65.88,0,0,0,4,4,1318.75,4991.18,3,-0.341,34.13,-0.28,0
U10780,1425.14,P2M,22,Tuesday,0.792,3,2632.73,0,1799.16,946.79,4.89,16.31,50.36,0,956,7,3,7.39,0,2,0,0,19.45,3.09,0,0,0,0,7,3854.4,6553.06,3,-0.395,38.56,-0.208,0
U10781,1385.05,Bill Payment,17,Friday,1.601,2,2460.24,2,865.2,370.92,4.81,23.0,55.25,0,540,12,5,12.17,1,2,0,1,36.94,15.66,0,0,0,3,3,3377.83,8458.69,4,1.398,71.91,0.6,0
U10782,9052.37,P2M,2,Tuesday,4.204,1,12646.67,0,2153.36,1138.91,4.63,19.91,100.0,0,179,6,1,0.89,0,2,0,0,29.03,43.62,0,0,0,0,4,7801.97,9775.55,2,6.052,94.64,3.202,1
U10783,3668.12,P2M,1,Friday,3.47,6,6710.29,1,1056.97,535.51,3.96,15.18,100.0,0,926,10,8,2.19,0,2,0,0,32.95,52.51,0,0,1,1,4,12220.32,13719.43,3,4.867,92.32,2.468,0
U10784,1517.27,P2M,1,Wednesday,1.68,2,2476.99,0,903.03,402.71,4.39,18.46,100.0,0,1066,8,8,37.26,0,1,0,0,25.22,35.04,0,0,0,2,1,1758.42,3783.35,2,1.521,73.83,0.679,0
U10785,1923.7,Merchant,16,Friday,1.737,2,4440.86,0,1107.65,376.2,4.45,19.93,29.36,0,423,4,8,1.09,0,1,0,0,30.36,63.8,0,0,0,1,3,4627.61,9572.52,0,2.163,75.09,0.736,0
U10786,1567.81,P2M,20,Thursday,0.929,4,2919.27,0,1687.62,1141.41,5.06,17.13,18.86,0,970,6,3,13.89,0,3,0,0,18.66,14.53,0,0,0,1,0,2616.76,3854.81,0,-0.105,46.33,-0.071,0
U10787,1224.52,P2M,15,Wednesday,1.13,5,1482.99,1,1083.27,367.0,4.43,14.26,0.0,0,866,5,11,0.74,0,2,0,0,20.7,8.76,0,0,2,0,2,2873.74,3999.01,4,0.384,56.09,0.13,0
U10788,508.16,P2M,6,Wednesday,0.53,5,601.56,0,959.63,723.59,4.45,15.4,81.23,0,766,6,4,1.89,0,4,0,1,13.56,16.63,0,0,0,0,4,1910.41,3272.65,2,-0.623,21.93,-0.47,0
U10789,1289.7,Bill Payment,18,Friday,1.175,2,3595.66,2,1097.29,418.17,4.72,19.36,23.83,0,42,3,8,6.97,0,2,0,0,44.8,92.73,0,0,0,1,2,1385.08,2393.51,2,0.459,58.0,0.175,0
U10790,711.32,P2P,1,Thursday,1.051,4,1256.14,0,677.05,491.13,3.73,13.61,96.44,1,27,9,2,35.8,0,1,0,0,9.78,32.2,0,0,0,1,4,5754.95,7884.02,2,0.07,52.46,0.051,1
U10791,429.62,P2M,19,Friday,0.299,4,972.09,1,1434.74,1109.96,2.35,14.38,55.81,0,580,12,10,6.04,1,1,0,0,15.24,57.62,0,0,0,0,2,777.41,2039.2,2,-0.905,8.25,-0.7,1
U10792,2500.99,P2M,21,Friday,4.657,4,3275.44,0,537.03,178.0,1.84,19.34,97.57,0,1255,5,9,20.19,0,2,0,0,28.46,26.66,0,0,0,2,4,2492.05,6697.56,3,10.972,95.58,3.65,1
U10793,2218.27,Merchant,17,Tuesday,2.258,1,4561.37,0,982.62,301.06,3.18,17.44,36.26,0,1244,8,7,10.74,0,3,0,1,24.77,10.5,0,0,0,0,3,1523.5,2190.84,5,4.091,83.58,1.256,1
U10794,251.27,P2M,21,Sunday,0.149,3,3322.47,0,1688.85,1464.61,1.87,16.26,54.75,0,1314,7,6,11.99,0,1,0,0,13.46,28.58,0,0,1,1,3,1007.59,3751.65,0,-0.981,2.18,-0.851,0
U10795,1326.81,P2M,14,Thursday,0.965,2,4352.43,1,1375.33,757.78,2.18,16.76,30.45,0,710,6,4,5.14,0,2,0,0,19.27,19.16,0,0,2,2,4,4538.32,8380.76,2,-0.064,48.21,-0.035,0
U10796,4059.93,Merchant,11,Saturday,2.594,6,4283.06,0,1565.13,1032.44,1.6,14.32,43.28,0,510,7,8,26.32,0,1,0,0,26.63,44.93,0,0,1,0,2,8398.62,9045.49,3,2.414,87.05,1.593,0
U10797,4326.2,P2M,7,Sunday,3.712,2,5070.89,0,1165.38,308.96,2.7,19.21,100.0,1,1,10,5,52.45,0,2,0,0,37.55,0.84,0,0,0,2,3,10983.68,13433.59,3,10.198,93.23,2.71,0
U10798,4184.14,P2P,22,Sunday,2.06,4,4822.77,0,2031.36,875.84,5.38,15.98,68.06,0,1193,10,3,5.62,0,3,0,1,26.85,7.1,0,0,0,0,2,6002.0,9365.08,1,2.455,80.92,1.059,0
U10799,1559.52,P2P,16,Friday,0.857,2,3901.4,0,1819.27,1052.46,3.02,16.66,11.07,0,943,8,3,11.68,0,2,0,0,36.21,61.92,0,0,0,2,2,4277.0,4684.37,1,-0.247,42.36,-0.143,0
U10800,644.31,P2P,4,Saturday,0.439,4,1399.85,1,1466.8,1211.64,2.46,18.87,100.0,0,913,8,5,16.69,0,1,0,0,19.53,20.97,0,0,0,2,8,1627.71,2498.9,2,-0.678,16.2,-0.56,0
U10801,507.51,P2P,22,Thursday,0.279,4,1781.76,0,1821.6,776.8,3.11,17.36,46.13,0,668,12,3,4.88,0,1,0,0,9.3,4.6,0,0,1,1,2,1833.33,5505.51,4,-1.689,7.22,-0.721,0
U10802,2117.15,P2M,1,Saturday,1.259,4,4613.54,0,1682.05,1268.05,2.71,16.24,100.0,0,1053,8,9,2.92,0,1,0,0,12.28,66.36,0,0,0,0,3,5802.21,9482.88,4,0.343,61.3,0.259,1
U10803,2191.85,Bill Payment,14,Wednesday,2.226,5,3670.16,1,984.68,670.01,4.2,13.03,29.79,0,1304,5,6,5.07,1,2,0,0,13.05,8.64,0,0,0,5,4,6779.43,8422.36,0,1.799,83.19,1.225,0
U10804,5434.66,Bill Payment,4,Friday,8.291,1,7271.12,2,655.45,212.97,4.04,18.92,100.0,0,1011,6,4,35.69,0,1,0,0,18.67,99.84,0,0,1,2,2,6576.8,8604.05,0,22.336,98.56,7.28,1
U10805,4506.16,P2P,15,Monday,3.108,1,5743.19,1,1449.89,638.96,1.61,18.2,61.22,0,622,7,5,7.99,0,1,0,0,12.33,9.18,0,0,0,1,6,2514.16,5172.02,0,4.776,90.61,2.106,0
U10806,1314.21,P2M,9,Sunday,0.857,4,4166.06,2,1534.28,620.79,3.55,16.71,59.8,0,1264,2,2,6.08,0,3,0,0,7.0,37.6,0,0,0,3,2,3749.57,7034.11,2,-0.354,42.33,-0.143,1
U10807,432.25,P2P,10,Tuesday,0.221,4,3486.11,1,1960.18,1053.88,1.64,15.41,60.3,0,1415,4,4,5.51,0,1,0,0,15.67,4.27,0,0,1,1,2,1331.81,3227.17,3,-1.448,4.65,-0.779,0
U10808,1090.2,Merchant,16,Friday,1.385,3,3189.18,0,787.4,522.02,4.21,18.03,24.89,0,1200,4,5,6.17,0,1,0,0,29.34,34.39,1,0,0,0,3,1982.51,5267.72,1,0.579,65.7,0.384,0
U10809,1863.95,P2P,18,Monday,2.336,4,4926.45,2,798.06,424.35,5.24,19.2,28.75,1,7,10,6,43.47,0,2,0,0,1.08,28.76,0,0,1,0,2,1355.97,1610.75,4,2.506,84.49,1.334,0
U10810,1225.54,P2M,9,Tuesday,0.83,4,8239.21,1,1475.91,603.57,5.13,18.24,85.16,1,3,5,4,38.28,1,2,0,0,59.58,81.01,0,0,2,1,3,1046.92,2532.15,3,-0.414,40.82,-0.17,1
U10811,841.62,P2P,23,Sunday,0.724,4,3307.06,0,1162.18,816.22,2.32,22.1,20.32,0,648,9,3,32.4,0,1,0,0,18.92,4.31,0,0,0,1,4,2098.33,4713.72,2,-0.392,34.42,-0.276,0
U10812,1931.6,P2M,11,Saturday,3.761,4,3319.38,1,513.62,323.53,4.47,19.76,100.0,0,396,8,6,4.68,0,1,0,0,11.81,1.11,0,0,0,4,5,5994.3,8220.83,3,4.369,93.38,2.755,0
U10813,906.2,P2M,3,Tuesday,0.638,3,2774.71,2,1420.66,834.71,4.67,17.73,100.0,0,567,9,3,9.8,0,1,0,0,16.92,21.85,0,0,0,1,2,2271.28,6733.15,1,-0.616,28.94,-0.362,1
U10814,800.43,Bill Payment,0,Monday,1.535,4,4081.21,0,521.38,318.24,4.96,19.85,100.0,1,29,10,2,38.19,0,2,0,1,15.77,25.26,0,0,0,1,4,2318.28,3182.71,1,0.874,70.18,0.534,1
U10815,2048.11,P2P,4,Saturday,2.612,4,3072.0,0,784.24,309.18,2.54,18.12,100.0,0,1024,5,6,4.21,1,1,1,1,22.7,13.02,0,0,0,1,5,2248.75,3053.19,2,4.075,87.2,1.61,1
U10816,1003.48,Merchant,16,Sunday,0.455,3,1958.46,0,2204.67,1526.25,3.3,18.11,27.44,0,34,11,3,6.0,1,1,0,0,30.87,65.67,0,0,0,0,1,3441.81,8267.35,5,-0.787,17.18,-0.545,1
U10817,1914.72,P2M,12,Tuesday,0.702,2,3759.53,0,2727.86,1369.05,2.39,21.24,74.71,0,1140,6,7,46.58,0,1,0,0,25.62,2.17,0,0,1,1,1,2967.26,3425.63,1,-0.594,33.01,-0.298,0
U10818,1971.25,Bill Payment,8,Friday,2.839,5,3338.88,1,694.39,337.65,1.6,15.75,100.0,1,27,11,3,43.36,0,1,0,0,11.64,29.57,0,1,0,0,5,2689.79,5640.74,2,3.77,88.94,1.836,0
U10819,480.0,Recharge,11,Tuesday,0.464,0,1112.62,1,1034.68,359.37,4.14,18.06,74.03,0,303,6,7,3.88,0,1,0,0,40.0,20.36,0,0,0,1,4,1919.4,4665.25,0,-1.539,17.74,-0.536,0
U10820,927.02,Merchant,20,Saturday,0.758,2,2563.37,0,1223.24,780.36,3.23,20.97,21.34,1,6,5,2,53.9,0,1,0,0,14.6,44.86,0,0,0,2,2,3426.0,4615.39,1,-0.379,36.49,-0.242,0
U10821,6316.99,P2P,13,Wednesday,2.362,4,10070.08,1,2674.8,1716.5,2.49,18.77,79.2,0,384,6,2,21.67,1,1,0,0,2.42,39.22,1,0,0,0,4,7836.17,12567.42,1,2.121,84.79,1.361,1
U10822,469.25,P2P,1,Monday,0.488,1,2517.09,0,961.3,452.96,4.89,17.08,100.0,0,1445,6,1,16.75,0,4,0,0,50.97,5.98,0,0,1,3,4,1925.25,3640.66,3,-1.084,19.28,-0.511,0
U10823,180.65,P2P,1,Wednesday,0.187,6,697.82,1,968.24,783.21,3.48,13.73,100.0,0,244,4,3,4.45,1,1,0,1,10.12,12.55,0,0,1,0,1,420.28,2261.92,2,-1.004,3.39,-0.813,1
U10824,233.08,P2P,11,Thursday,0.097,2,2524.49,0,2409.09,1926.18,5.48,12.32,39.98,0,252,7,7,3.11,1,1,0,1,20.37,66.41,0,0,0,1,2,838.8,1720.91,2,-1.129,0.93,-0.903,0
U10825,1544.31,P2M,9,Saturday,1.523,4,2697.65,0,1013.76,325.3,4.67,23.0,100.0,0,1148,6,3,20.06,0,3,0,0,44.82,5.5,0,0,1,1,3,3258.16,4244.45,1,1.626,69.87,0.523,0
U10826,1547.1,Merchant,20,Monday,0.932,2,7081.12,1,1660.82,1165.52,4.98,18.77,0.55,0,451,7,5,21.11,0,2,1,0,10.27,82.23,0,0,0,4,2,2801.38,3567.11,1,-0.097,46.46,-0.068,0
U10827,1333.56,Merchant,13,Sunday,2.16,5,3495.17,1,617.3,312.35,4.59,16.54,56.89,0,1080,9,7,2.63,0,1,0,0,36.9,6.82,1,0,0,0,2,5350.29,7835.68,1,2.286,82.33,1.158,0
U10828,5051.35,P2M,18,Friday,4.547,1,5923.32,0,1111.01,999.7,1.92,18.87,67.52,0,1031,10,5,2.14,0,1,0,0,17.65,1.33,0,0,1,1,3,12035.33,14449.2,3,3.938,95.38,3.543,0
U10829,103.58,P2M,14,Sunday,0.182,1,2520.29,1,568.65,225.34,1.76,15.63,39.26,0,307,11,4,14.32,0,2,0,0,15.74,25.68,0,0,0,3,5,1066.99,1310.51,2,-2.055,3.26,-0.816,0
U10830,2228.66,Recharge,8,Sunday,2.986,5,3955.34,0,746.3,322.66,5.16,17.17,100.0,0,882,8,2,6.16,0,3,0,0,10.11,58.73,0,0,1,0,1,5644.04,9182.43,2,4.58,89.9,1.984,0
U10831,7148.51,Merchant,15,Tuesday,4.083,2,10658.49,0,1750.61,940.72,2.05,15.65,56.64,0,819,8,3,15.11,0,3,0,0,19.11,111.4,0,0,1,2,5,16221.11,17793.44,1,5.732,94.34,3.082,1
U10832,485.63,P2P,14,Monday,0.414,3,1436.3,0,1173.35,498.28,3.06,14.47,25.89,0,169,13,4,14.8,0,1,0,0,12.05,23.18,1,0,0,0,9,1259.58,1701.3,4,-1.377,14.65,-0.586,0
U10833,1025.99,P2M,17,Saturday,0.987,3,3183.98,0,1039.48,727.42,3.94,12.74,23.41,0,1153,8,1,20.65,0,2,0,1,17.42,62.6,0,0,0,1,1,3202.75,7722.12,1,-0.019,49.35,-0.013,0
U10834,706.5,Recharge,4,Tuesday,0.825,1,1022.11,0,856.74,481.99,2.35,14.01,81.65,1,12,6,4,45.27,0,2,0,0,16.12,13.57,1,0,0,1,5,775.94,2118.57,0,-0.311,40.49,-0.175,0
U10835,613.31,P2P,15,Tuesday,0.564,2,2195.95,0,1086.57,427.64,2.4,20.55,46.42,1,13,7,6,54.12,0,5,0,0,19.92,11.2,0,0,0,3,3,1283.5,2621.0,1,-1.104,24.19,-0.435,1
U10836,1082.42,P2M,6,Thursday,0.788,5,1585.68,0,1374.13,795.82,3.36,15.53,65.39,0,159,6,1,13.23,0,2,0,1,11.6,75.3,0,0,1,1,5,2990.29,4648.74,1,-0.366,38.3,-0.212,0
U10837,6252.31,Merchant,18,Sunday,3.348,3,7936.21,0,1867.56,1545.8,2.94,19.34,57.29,0,292,5,3,14.09,0,2,0,0,13.57,58.75,1,0,0,0,4,6008.22,9339.97,3,2.835,91.8,2.347,0
U10838,9420.16,Merchant,19,Saturday,25.581,2,11393.19,0,368.25,281.73,4.21,20.39,100.0,1,18,7,1,44.66,0,1,0,0,23.55,5.1,1,0,0,1,2,15394.04,16567.13,3,32.016,99.85,24.514,0
U10839,1072.0,Merchant,14,Thursday,1.299,5,3169.97,0,825.33,473.94,1.8,18.04,45.89,0,477,8,7,4.34,0,1,0,0,24.01,124.48,0,0,0,3,2,1262.79,5250.24,2,0.519,62.77,0.299,1
U10840,10079.72,Bill Payment,22,Tuesday,7.819,2,11029.17,1,1289.06,563.99,3.46,17.25,100.0,0,949,11,9,14.62,0,1,0,0,38.06,20.04,0,0,0,1,2,12195.1,12960.01,3,15.559,98.39,6.814,0
U10841,1554.33,P2P,12,Wednesday,1.354,6,3173.91,0,1147.78,421.15,2.2,18.33,63.51,0,542,3,7,27.98,0,1,0,0,2.83,59.15,0,0,0,2,1,5302.27,6576.28,5,0.963,64.7,0.354,0
U10842,8663.82,P2P,0,Friday,6.021,6,11879.45,0,1438.85,1181.22,3.93,16.96,100.0,0,349,7,6,10.43,0,1,0,0,28.07,17.48,0,0,0,0,4,24560.5,24734.67,4,6.111,97.31,5.018,1
U10843,1366.38,P2M,14,Tuesday,1.009,4,5894.9,0,1353.53,963.18,1.96,21.01,52.45,0,948,9,3,20.22,0,3,0,0,24.35,9.04,1,0,0,0,4,3022.32,4388.18,3,0.013,50.47,0.009,0
U10844,1710.05,P2M,18,Thursday,1.635,4,3372.18,0,1046.16,650.61,2.29,22.69,50.38,1,12,9,7,52.62,0,5,0,0,21.77,73.99,0,0,0,1,3,4776.97,5316.94,3,1.019,72.75,0.634,1
U10845,2161.8,P2M,2,Monday,2.283,1,5438.39,0,946.71,777.85,4.72,21.62,100.0,0,230,11,8,12.01,0,3,0,0,2.3,113.93,0,0,0,0,3,4787.28,5419.46,2,1.56,83.89,1.282,1
U10846,36028.81,P2M,2,Wednesday,33.531,6,36713.94,1,1074.49,353.61,2.44,12.62,100.0,0,809,4,4,24.15,0,2,0,0,38.54,24.31,0,0,0,1,3,87437.09,88000.32,1,98.571,99.91,32.501,1
U10847,3513.98,P2M,6,Tuesday,1.746,2,4592.74,0,2012.25,1395.73,4.45,16.91,97.73,0,314,17,3,7.46,0,1,0,0,17.78,10.57,1,0,0,0,3,9081.05,10785.78,2,1.075,75.3,0.746,0
U10848,739.49,Bill Payment,20,Friday,0.857,0,2542.05,1,863.22,337.4,2.59,18.01,9.37,0,312,8,7,13.14,1,1,0,0,20.44,73.1,0,0,0,2,3,2174.79,3840.6,4,-0.366,42.34,-0.143,1
U10849,3952.95,P2P,12,Sunday,3.389,7,5327.67,2,1166.56,383.07,2.44,19.16,100.0,0,1177,8,9,23.41,0,1,0,0,6.17,50.71,0,0,0,1,5,7281.96,10176.68,1,7.255,91.98,2.387,0
U10850,1044.6,P2P,23,Tuesday,0.802,3,2308.31,0,1303.2,720.21,2.7,13.68,76.53,1,3,6,3,42.52,0,1,0,1,10.67,1.14,0,0,0,2,1,3414.75,4723.21,8,-0.359,39.13,-0.198,0
U10851,919.17,P2P,20,Saturday,0.38,1,3962.75,0,2421.72,1215.23,5.02,13.64,62.76,0,826,10,3,18.87,0,1,0,0,11.05,0.38,0,0,0,0,3,2828.53,5352.76,1,-1.235,12.61,-0.62,0
U10852,3721.28,P2P,13,Friday,3.55,2,4307.61,1,1048.31,903.39,3.09,21.27,100.0,0,240,7,3,15.01,0,1,0,0,28.65,30.42,0,0,1,3,6,10940.86,12796.51,1,2.956,92.64,2.547,0
U10853,1547.36,Recharge,16,Sunday,0.838,3,2190.9,1,1847.41,850.89,2.48,16.6,4.14,1,0,12,8,42.4,0,1,0,1,34.45,23.85,1,0,1,0,4,3155.82,4238.86,1,-0.352,41.24,-0.162,0
U10854,1981.87,P2M,7,Sunday,0.949,2,2408.43,0,2089.06,1628.81,3.65,14.28,63.87,0,604,6,4,6.33,0,1,0,0,14.62,44.57,0,0,0,1,5,6778.44,10203.11,4,-0.066,47.37,-0.051,0
U10855,1521.13,P2P,2,Monday,1.305,9,3364.64,1,1166.06,859.08,3.04,15.24,100.0,0,600,7,7,10.82,1,1,0,0,13.89,13.47,0,0,0,0,2,3443.08,4381.61,1,0.413,62.98,0.304,0
U10856,2100.23,Bill Payment,9,Saturday,1.924,3,3252.29,0,1091.44,746.71,4.66,18.98,100.0,0,693,10,4,6.34,1,2,0,0,16.82,3.74,0,0,0,0,2,5985.32,6359.54,2,1.349,78.72,0.923,0
U10857,2294.31,P2M,14,Friday,2.217,3,5135.23,1,1034.84,877.81,5.46,15.94,42.51,0,227,9,2,15.61,0,3,0,0,17.64,73.9,0,0,0,1,3,4928.82,5124.54,2,1.433,83.08,1.216,0
U10858,216.21,P2P,4,Monday,0.202,3,1943.57,2,1069.51,550.96,3.61,18.6,100.0,1,23,6,5,38.5,1,3,0,0,9.31,17.17,0,0,0,1,12,731.22,1868.83,1,-1.546,3.95,-0.797,1
U10859,2921.33,P2P,5,Tuesday,1.658,2,3851.9,0,1762.49,887.04,3.31,15.55,92.33,0,563,9,2,12.19,0,1,0,0,6.53,25.99,1,0,0,1,2,5538.7,7020.42,2,1.305,73.31,0.657,0
U10860,561.83,P2P,0,Sunday,0.422,5,1374.02,0,1331.46,472.16,2.87,13.64,100.0,0,1229,10,6,3.27,0,2,0,0,34.16,36.38,0,0,0,3,0,1797.97,3298.18,2,-1.627,15.14,-0.578,0
U10861,354.58,Bill Payment,17,Thursday,0.266,2,1664.16,2,1334.03,572.63,5.39,21.56,50.12,1,8,19,7,36.99,1,1,0,0,13.36,24.78,0,0,1,2,2,1794.48,1966.99,2,-1.707,6.62,-0.734,0
U10862,1414.89,P2P,21,Wednesday,1.956,4,1925.32,1,723.23,594.39,3.43,19.0,39.46,1,18,7,8,52.46,0,1,0,0,29.63,41.67,0,0,0,3,7,3648.07,5853.96,1,1.162,79.26,0.955,0
U10863,1631.41,P2P,19,Wednesday,2.101,3,4725.07,0,776.43,433.52,2.21,17.17,39.21,0,194,8,4,2.32,0,1,0,0,6.36,83.4,0,0,0,1,5,4081.77,5378.76,1,1.968,81.51,1.1,0
U10864,749.73,P2P,9,Saturday,0.238,0,1856.24,0,3148.33,1485.63,5.38,16.7,86.56,1,7,3,7,75.51,0,4,0,0,12.24,11.73,0,0,1,1,5,2346.18,5122.96,2,-1.613,5.38,-0.762,1
U10865,3443.53,P2M,14,Tuesday,3.109,0,3796.68,1,1107.72,432.53,5.34,21.66,78.69,0,117,8,2,12.47,0,2,0,0,20.48,50.98,0,0,0,1,3,3764.48,5460.15,1,5.388,90.61,2.107,1
U10866,391.92,P2P,23,Tuesday,0.463,4,3916.82,0,846.77,478.61,3.24,19.48,48.31,0,1129,3,4,19.53,0,1,0,1,16.05,96.83,0,0,1,2,2,903.38,3365.36,3,-0.948,17.68,-0.537,0
U10867,998.52,Recharge,14,Friday,0.437,4,2323.66,0,2284.89,1635.6,2.89,20.87,69.32,0,1325,9,9,18.65,0,3,0,0,11.88,15.09,0,0,1,1,1,3114.66,3601.57,1,-0.786,16.05,-0.563,0
U10868,835.76,P2P,7,Sunday,0.614,6,3117.01,0,1362.25,594.42,4.22,16.54,73.58,0,561,10,6,13.4,1,2,0,0,31.53,110.5,0,0,0,3,4,2254.14,5036.44,4,-0.884,27.37,-0.386,1
U10869,1431.72,P2M,8,Tuesday,0.92,2,2373.66,0,1556.58,1155.79,4.82,18.13,91.54,0,1334,5,3,2.63,0,2,0,0,8.17,18.61,0,0,1,3,5,8924.08,11010.74,4,-0.108,45.83,-0.08,0
U10870,1982.44,P2M,17,Tuesday,1.758,3,5590.62,0,1127.72,743.58,3.49,19.01,30.74,0,1057,2,9,5.75,0,1,0,1,17.47,52.62,0,0,0,1,4,3774.78,4740.29,2,1.148,75.54,0.757,0
U10871,547.48,P2M,10,Thursday,0.527,6,1265.76,2,1039.69,792.16,2.82,16.62,66.1,0,33,5,5,20.58,0,2,0,0,24.06,20.18,0,0,0,0,4,838.73,5282.73,2,-0.621,21.74,-0.473,0
U10872,3094.88,P2P,20,Tuesday,2.784,3,4246.5,1,1111.83,459.29,2.71,17.76,56.39,0,328,3,3,15.91,0,2,0,0,20.43,15.33,0,0,0,1,2,9125.91,15729.9,2,4.308,88.56,1.782,0
U10873,1597.54,Recharge,20,Friday,2.48,2,1838.2,1,644.09,425.21,2.81,16.54,56.94,0,972,9,3,31.25,0,4,0,0,31.5,39.3,0,0,0,0,7,4044.49,5031.23,2,2.237,86.0,1.478,0
U10874,226.17,Recharge,0,Tuesday,0.196,1,3774.43,0,1153.45,403.62,1.97,19.0,100.0,0,1061,9,8,11.99,0,1,0,0,13.82,2.56,0,0,0,2,3,1345.4,4280.56,1,-2.292,3.73,-0.803,0
U10875,211.59,P2P,17,Monday,0.154,0,1055.22,0,1370.99,666.94,4.61,14.7,32.12,1,29,7,7,56.68,0,1,0,0,16.8,7.78,0,0,0,0,3,342.68,1953.9,4,-1.736,2.34,-0.845,0
U10876,1481.63,P2P,8,Tuesday,0.537,4,3357.7,0,2759.45,1989.11,1.92,19.43,90.03,0,1036,5,6,10.6,0,1,0,0,16.45,23.92,0,0,0,0,2,5910.87,8299.39,0,-0.642,22.39,-0.463,0
U10877,1202.61,Merchant,12,Sunday,0.964,7,3278.51,0,1247.35,823.98,3.09,18.78,62.29,1,4,3,5,46.33,0,2,0,0,30.59,76.46,1,0,0,0,6,3831.84,5785.9,2,-0.054,48.18,-0.036,1
U10878,1352.62,P2M,6,Sunday,3.222,3,4512.56,1,419.77,156.2,4.84,17.49,100.0,0,165,9,6,23.98,0,2,0,0,9.62,9.21,0,0,0,3,4,1317.88,4186.84,3,5.934,91.19,2.217,1
U10879,1458.61,P2P,8,Thursday,1.268,4,3231.12,0,1150.31,929.36,3.12,19.12,87.2,0,1322,6,6,3.14,0,1,0,0,29.14,92.86,0,0,0,1,4,1056.3,1298.67,0,0.331,61.65,0.268,1
U10880,1879.54,P2P,7,Wednesday,0.457,4,3267.83,0,4116.89,1171.99,2.68,17.09,87.76,0,813,3,7,16.73,0,1,0,0,7.73,22.63,0,0,1,2,4,4260.59,6596.12,3,-1.907,17.26,-0.543,0
U10881,3869.46,Bill Payment,1,Saturday,2.183,7,6808.02,1,1772.14,1128.66,5.29,16.32,100.0,0,936,7,5,15.26,0,3,0,0,7.93,62.36,0,0,1,0,7,8105.44,10138.97,3,1.857,82.65,1.183,0
U10882,493.79,Bill Payment,18,Tuesday,0.593,2,2544.61,0,833.12,741.05,2.01,19.36,14.49,0,104,4,10,9.46,0,1,0,0,10.25,23.01,0,0,1,1,3,2569.0,4323.6,5,-0.457,26.03,-0.407,0
U10883,464.63,P2M,3,Friday,0.297,3,1689.58,0,1565.68,932.33,5.04,19.47,100.0,0,931,7,4,8.2,0,1,0,0,23.39,23.04,0,0,0,1,4,1294.75,5018.07,1,-1.18,8.12,-0.703,0
U10884,502.65,Merchant,9,Friday,0.585,2,4159.84,0,859.35,662.07,1.75,16.73,67.79,0,698,9,5,7.16,0,2,0,0,12.67,30.74,0,0,0,2,1,1364.35,2015.19,2,-0.538,25.52,-0.415,0
U10885,2002.47,P2M,4,Friday,3.069,4,4170.39,0,652.53,415.58,3.15,16.52,100.0,0,576,4,7,35.31,0,1,0,0,8.48,6.96,0,0,0,0,8,5361.87,8128.79,1,3.241,90.38,2.066,0
U10886,5209.13,P2P,3,Tuesday,5.078,2,5677.58,0,1025.88,778.65,4.03,17.54,100.0,0,1177,11,2,8.48,0,2,0,0,10.69,42.36,0,0,0,0,1,10591.92,11489.17,1,5.366,96.26,4.074,1
U10887,974.46,P2M,8,Saturday,0.779,5,5085.51,0,1250.46,845.48,2.98,16.62,84.33,0,396,17,6,21.57,0,1,0,0,14.09,24.15,0,0,0,1,4,3366.21,4486.53,0,-0.326,37.79,-0.221,0
U10888,122.92,P2M,22,Friday,0.238,1,1044.41,1,516.77,361.34,3.64,21.81,5.34,0,118,3,2,14.62,0,3,0,0,22.28,11.19,0,0,0,4,2,463.07,1446.91,1,-1.087,5.42,-0.761,0
U10889,272.93,P2P,22,Sunday,0.381,4,3422.09,1,715.48,284.82,2.32,18.79,48.15,0,763,4,5,11.11,0,1,0,0,21.15,3.1,0,0,0,2,2,600.37,2334.26,2,-1.548,12.75,-0.618,0
U10890,652.09,P2P,9,Tuesday,0.541,1,1012.11,2,1205.59,882.71,3.78,18.04,94.71,0,1123,9,4,5.47,0,1,0,0,30.41,48.92,0,0,0,0,4,1470.54,4270.96,1,-0.626,22.66,-0.459,1
U10891,858.76,P2M,12,Friday,0.86,3,3784.64,0,998.64,404.09,2.04,15.67,45.34,0,226,10,6,10.54,0,2,0,0,25.77,10.09,0,0,0,1,2,3053.67,4672.6,1,-0.345,42.52,-0.14,0
U10892,997.08,Bill Payment,23,Saturday,0.696,2,1494.78,1,1433.31,1271.94,4.68,19.85,30.05,0,1477,6,4,9.02,0,1,0,0,13.83,50.58,0,0,0,0,8,2941.17,6064.49,2,-0.343,32.62,-0.304,0
U10893,1559.0,P2P,5,Tuesday,2.244,5,3296.3,1,694.7,276.53,3.84,16.47,100.0,0,1018,13,5,19.79,0,1,0,0,1.4,25.04,1,0,0,2,4,3893.58,5135.97,1,3.114,83.41,1.242,1
U10894,1098.25,P2M,22,Saturday,0.664,2,3222.7,2,1654.79,668.28,3.43,16.37,44.64,0,1403,9,7,10.34,0,1,0,0,15.48,13.15,0,0,0,0,4,3273.33,3686.74,4,-0.832,30.59,-0.336,0
U10895,4283.65,P2M,2,Monday,6.081,4,5529.83,2,704.43,569.28,1.72,19.93,100.0,0,721,7,3,22.93,0,2,0,0,24.63,21.28,1,0,0,1,1,10750.12,12692.47,1,6.276,97.36,5.074,0
U10896,762.96,P2M,5,Saturday,0.304,1,2282.22,1,2513.19,1025.23,3.5,18.97,100.0,0,211,12,4,17.84,0,1,0,0,16.68,4.58,0,0,0,2,1,2230.2,3640.96,2,-1.705,8.45,-0.696,0
U10897,633.27,Bill Payment,8,Friday,1.142,2,1240.14,0,554.45,268.68,3.75,11.74,40.32,1,7,5,6,57.99,0,1,0,0,9.91,10.69,0,0,0,0,3,4185.07,8558.71,0,0.292,56.6,0.142,0
U10898,2421.39,Recharge,0,Tuesday,3.299,3,5137.74,0,733.94,524.41,2.56,17.61,100.0,0,765,9,3,29.01,0,2,0,0,19.63,41.76,0,0,0,0,5,6809.7,7536.88,3,3.212,91.57,2.296,1
U10899,322.98,Bill Payment,19,Monday,0.223,2,2130.22,0,1447.94,511.39,4.21,18.31,14.82,0,894,7,12,13.31,0,2,0,1,27.64,100.7,0,0,1,1,3,2397.81,4580.61,2,-2.196,4.76,-0.776,0
U10900,2214.79,P2P,20,Saturday,0.873,2,2929.26,0,2537.62,896.79,1.81,17.15,25.56,0,1109,8,4,35.21,0,1,0,0,26.49,2.0,0,0,1,3,3,2247.18,3872.6,1,-0.36,43.24,-0.127,0
U10901,1661.99,P2M,9,Tuesday,1.202,4,3520.85,0,1382.77,782.83,2.33,18.4,80.87,0,1199,5,4,20.51,0,3,0,0,29.86,1.53,0,0,1,0,5,6054.48,6504.65,4,0.356,59.09,0.202,0
U10902,1294.37,P2M,20,Thursday,0.837,3,3196.17,0,1545.9,631.35,4.45,13.48,51.97,0,1151,7,4,10.7,0,2,0,0,18.66,121.55,1,0,0,1,4,3931.1,4243.57,0,-0.398,41.22,-0.163,1
U10903,7342.95,P2P,18,Monday,6.071,1,8918.64,1,1209.51,487.65,2.09,10.92,100.0,0,895,7,8,12.68,0,1,0,0,13.16,40.21,0,0,0,3,1,20439.62,20773.79,3,12.552,97.35,5.067,0
U10904,805.14,P2P,19,Sunday,1.065,3,901.67,1,756.12,193.57,2.48,15.56,32.65,0,56,6,4,35.04,0,1,0,0,25.06,89.33,0,0,0,0,7,2547.84,5343.84,1,0.252,53.13,0.065,0
U10905,11772.46,P2P,19,Thursday,12.231,3,12877.82,0,962.48,472.38,4.1,18.71,100.0,0,808,9,4,20.52,0,1,0,1,17.43,64.52,0,0,0,0,4,31653.38,33244.91,0,22.836,99.33,11.22,1
U10906,1197.26,P2M,13,Sunday,1.721,5,3884.69,1,695.56,317.78,4.42,9.94,40.38,0,1234,8,7,15.31,0,3,0,0,37.04,19.36,0,0,0,1,6,3968.08,6389.13,1,1.574,74.74,0.72,0
U10907,418.3,P2M,2,Tuesday,0.62,3,2628.96,2,674.96,182.41,1.71,15.89,100.0,0,1276,10,4,14.09,0,1,0,0,36.27,72.11,1,0,1,0,4,497.6,3002.44,2,-1.399,27.79,-0.38,0
U10908,1608.63,P2P,22,Tuesday,1.119,5,3771.79,0,1437.79,940.03,2.01,13.19,80.24,0,1256,15,3,17.81,0,1,0,0,15.3,6.84,0,0,1,1,3,2981.22,7836.93,1,0.182,55.59,0.119,0
U10909,511.31,Recharge,14,Friday,0.706,4,2308.31,0,723.9,475.84,3.28,17.39,26.44,0,45,2,8,20.21,0,1,0,1,25.8,7.04,0,0,0,1,4,3239.66,6497.69,0,-0.446,33.31,-0.293,0
U10910,707.31,Merchant,21,Friday,0.51,2,3614.82,0,1385.58,410.16,3.87,22.89,31.09,1,21,9,5,48.3,0,1,0,0,5.44,5.31,0,0,0,1,5,1160.81,2740.15,1,-1.65,20.69,-0.489,0
U10911,2231.11,P2P,23,Saturday,3.34,3,3147.85,0,667.98,304.65,3.32,17.46,87.21,0,936,9,3,21.64,0,2,0,1,8.9,52.57,0,0,0,1,5,3031.21,5337.74,0,5.114,91.76,2.337,0
U10912,2614.43,Merchant,4,Sunday,1.907,0,3371.21,1,1371.21,1120.72,4.09,17.73,100.0,0,393,12,5,16.21,0,1,0,0,27.43,13.5,0,0,0,1,9,5692.44,6281.73,2,1.108,78.41,0.906,1
U10913,805.17,P2P,9,Saturday,0.836,3,5618.0,0,963.11,605.23,4.52,20.1,97.11,0,632,9,3,26.77,0,1,0,0,35.17,120.48,0,0,0,1,2,2314.34,2806.56,0,-0.261,41.15,-0.164,0
U10914,4026.39,Merchant,4,Monday,1.782,1,4862.31,0,2259.85,1170.11,5.3,18.05,100.0,1,0,5,5,54.17,0,2,0,0,7.38,75.6,1,0,0,1,3,10858.07,12294.45,0,1.508,76.04,0.781,0
U10915,4772.99,Merchant,1,Wednesday,3.438,2,5224.7,0,1388.18,766.71,2.9,17.46,100.0,0,314,11,8,23.45,0,1,0,0,9.24,46.46,1,0,1,3,4,13757.02,14690.35,4,4.409,92.19,2.437,0
U10916,6307.67,P2P,23,Sunday,3.014,3,7535.8,0,2092.63,806.46,2.15,20.32,47.53,0,38,8,2,10.67,0,1,0,0,3.62,23.46,0,0,1,2,5,4561.87,6230.92,4,5.22,90.08,2.013,0
U10917,2546.9,Bill Payment,22,Thursday,2.982,0,4167.07,1,854.09,664.25,2.56,19.18,67.13,1,10,13,4,49.26,1,1,0,0,48.47,25.67,0,0,0,1,6,6098.56,7230.69,2,2.545,89.88,1.98,1
U10918,5864.36,Merchant,22,Sunday,4.765,0,8784.79,1,1230.7,1038.84,2.09,18.72,90.27,0,1293,8,2,9.01,0,4,0,0,23.8,46.26,1,0,0,3,2,16970.09,20057.72,0,4.456,95.78,3.762,1
U10919,228.7,Merchant,21,Thursday,0.296,2,1336.02,0,771.69,649.71,3.08,17.65,35.6,0,623,8,5,1.02,0,3,0,0,8.51,1.76,0,0,0,3,2,949.23,3215.25,0,-0.834,8.12,-0.703,0
U10920,1091.51,Merchant,15,Monday,1.096,2,2191.24,1,996.21,394.06,4.99,17.13,15.06,1,19,9,3,55.48,0,1,0,0,24.33,13.85,0,0,0,2,0,1017.72,1999.02,1,0.241,54.55,0.096,1
U10921,630.31,P2M,12,Thursday,0.591,0,2137.98,1,1066.49,482.03,2.89,20.29,67.89,1,28,4,3,42.93,0,1,0,0,10.94,89.43,0,0,2,2,0,1971.86,4497.72,4,-0.903,25.91,-0.409,1
U10922,1689.94,P2P,23,Saturday,1.952,1,2646.33,1,865.62,306.78,2.1,17.16,50.61,0,668,6,4,13.0,0,1,0,0,4.53,51.2,0,0,1,4,4,3350.78,3958.24,0,2.678,79.2,0.951,0
U10923,847.06,Recharge,13,Friday,1.22,1,1211.79,0,694.44,312.28,3.59,21.08,76.42,0,278,9,7,17.49,0,3,0,1,13.49,35.52,0,0,0,1,2,3166.48,4714.82,1,0.487,59.79,0.219,0
U10924,1270.37,P2M,15,Monday,2.0,7,1758.91,1,635.23,296.22,5.47,15.38,35.68,0,1002,10,6,15.56,0,2,0,0,61.51,6.62,1,0,0,2,7,2266.22,5404.71,0,2.137,79.97,0.998,0
U10925,9851.66,P2M,5,Tuesday,23.529,1,13324.16,1,418.71,276.98,2.25,21.58,100.0,0,1496,5,1,4.56,1,3,0,0,24.39,24.49,0,0,0,3,3,26534.2,26779.95,2,33.934,99.82,22.475,1
U10926,1265.85,P2M,17,Saturday,1.697,2,3764.72,0,746.0,278.46,4.61,19.18,22.18,0,1270,10,13,9.35,0,2,0,0,24.21,86.13,0,0,0,0,3,3707.1,7543.87,4,1.86,74.2,0.696,0
U10927,2268.81,P2M,19,Sunday,1.426,4,3737.0,0,1591.53,1348.99,4.79,15.58,41.61,0,1288,16,2,6.91,0,1,0,0,7.21,11.82,0,0,0,0,2,5919.12,7090.03,0,0.502,67.01,0.425,0
U10928,1189.1,P2P,16,Saturday,2.034,2,3394.65,2,584.5,185.3,3.11,19.27,44.12,0,1251,5,4,4.35,0,2,0,0,12.14,58.89,1,0,0,0,8,3577.22,6758.14,4,3.245,80.51,1.033,1
U10929,1617.98,Bill Payment,11,Monday,2.496,3,4169.57,0,648.34,164.98,3.98,16.37,76.36,0,132,7,3,21.99,0,3,0,1,37.55,105.45,0,0,0,3,2,2794.76,3967.68,3,5.842,86.14,1.493,0
U10930,1509.05,P2P,4,Friday,0.562,6,2383.76,0,2686.46,2164.52,3.23,18.08,100.0,1,25,12,4,49.21,0,1,0,0,21.62,13.13,0,0,0,2,3,5837.13,6206.13,1,-0.544,24.0,-0.438,1
U10931,2348.53,Bill Payment,0,Saturday,2.606,3,2949.43,0,901.13,637.5,2.55,16.78,100.0,1,15,3,1,65.75,0,4,0,0,8.87,16.5,0,0,0,2,7,7060.02,8085.16,0,2.267,87.15,1.604,0
U10932,4810.36,Recharge,15,Friday,3.469,1,8042.4,1,1386.51,666.89,3.2,17.67,61.59,0,178,5,9,15.77,1,1,0,0,39.11,40.45,1,0,0,2,6,13986.69,17584.33,0,5.126,92.32,2.468,0
U10933,7790.14,P2M,16,Friday,4.862,2,7925.45,0,1602.18,1020.71,1.88,20.35,81.56,0,246,6,4,16.64,0,1,1,1,25.06,24.85,0,0,3,0,3,20098.88,21934.52,2,6.056,95.94,3.86,1
U10934,2044.36,P2M,18,Thursday,1.264,1,4275.2,0,1616.82,639.13,4.33,19.3,6.09,0,860,9,5,12.07,0,2,0,0,5.74,44.72,1,0,0,0,2,1763.17,4992.05,3,0.668,61.51,0.264,0
U10935,2704.76,P2P,22,Tuesday,4.472,5,4424.21,0,604.88,217.43,4.82,15.19,100.0,0,1082,7,2,25.07,0,2,0,0,7.74,29.88,0,0,1,1,5,7255.02,8454.9,0,9.614,95.23,3.466,0
U10936,474.54,Merchant,11,Tuesday,0.439,1,3488.24,1,1081.5,601.58,2.73,15.33,54.97,0,337,7,3,13.92,1,1,0,0,33.33,24.99,0,0,0,2,2,1673.57,2500.03,3,-1.007,16.18,-0.561,0
U10937,1373.81,Bill Payment,19,Saturday,2.371,5,3663.61,0,579.33,277.83,3.77,18.68,36.77,0,741,10,8,5.53,0,2,0,1,16.75,22.6,0,0,1,3,4,2627.71,5721.37,0,2.849,84.88,1.369,0
U10938,3841.08,P2M,17,Monday,1.065,4,6036.55,1,3608.04,2344.86,2.43,18.86,20.11,0,140,7,4,6.48,1,1,0,0,33.52,10.96,0,0,1,1,5,3607.61,5180.59,5,0.099,53.12,0.065,1
U10939,3565.96,P2P,6,Monday,6.091,3,4225.39,1,585.45,229.38,2.01,16.31,100.0,0,192,7,6,6.85,0,2,0,0,43.58,13.24,1,0,0,3,6,6205.31,8261.02,5,12.937,97.37,5.082,1
U10940,1853.5,P2P,20,Wednesday,2.475,6,4473.9,0,748.86,509.9,4.15,21.98,36.0,0,882,10,6,8.56,0,1,0,0,18.58,4.7,0,0,0,3,4,4804.91,6981.77,3,2.162,85.95,1.473,0
U10941,3639.55,P2M,1,Saturday,4.844,5,5676.83,1,751.3,562.32,2.04,20.03,100.0,1,2,4,8,70.76,0,2,0,0,14.96,17.59,0,0,0,0,3,9998.21,10224.77,3,5.127,95.9,3.839,1
U10942,2450.35,Merchant,14,Friday,4.004,2,3191.37,1,611.91,219.26,4.63,16.44,83.38,0,1132,9,2,19.02,0,4,0,0,2.35,58.0,0,0,0,2,2,2041.37,4637.1,2,8.347,94.12,3.0,1
U10943,4981.7,Bill Payment,22,Friday,2.259,1,6712.78,0,2205.58,614.27,2.59,16.19,80.3,0,1368,11,3,9.29,0,2,0,0,13.23,6.64,0,0,0,0,5,14343.62,14957.75,3,4.512,83.6,1.258,0
U10944,2003.36,P2P,15,Thursday,0.561,2,2539.89,1,3569.49,1912.29,4.77,17.43,25.68,0,309,3,1,7.41,0,1,0,1,7.91,65.6,0,0,0,2,2,2535.74,2844.36,5,-0.819,23.96,-0.439,0
U10945,1051.03,Recharge,22,Monday,1.085,11,2363.64,0,968.73,729.57,2.97,17.17,31.21,1,22,10,3,42.31,0,2,0,0,14.66,5.99,1,0,0,3,6,3467.74,4530.86,2,0.113,54.06,0.085,0
U10946,2098.68,P2M,1,Wednesday,3.168,7,8232.1,0,662.41,445.81,2.98,21.14,100.0,0,1288,4,3,13.85,0,1,1,0,26.67,41.02,0,0,0,1,2,3738.1,5127.26,3,3.214,90.92,2.165,1
U10947,80.05,Recharge,12,Monday,0.183,3,706.36,0,438.54,309.71,4.5,20.46,84.24,0,104,8,5,26.65,0,1,0,0,13.08,1.55,0,0,0,1,1,634.03,4747.78,2,-1.154,3.29,-0.816,0
U10948,2199.77,P2P,18,Saturday,2.046,2,2560.47,1,1075.16,550.32,3.54,18.09,30.71,0,1247,6,7,25.22,0,1,0,0,6.78,31.5,1,0,0,0,3,7157.76,9858.48,5,2.04,80.7,1.045,0
U10949,50.0,P2M,15,Saturday,0.048,1,544.51,1,1040.77,419.13,2.3,19.69,56.77,0,1419,17,6,20.07,0,1,0,0,20.51,54.98,0,0,0,2,1,171.11,458.71,1,-2.358,0.24,-0.951,0
U10950,267.67,Merchant,21,Tuesday,0.299,4,1565.5,0,895.15,533.2,4.9,20.06,19.65,0,176,6,6,16.65,0,3,0,0,17.59,56.31,1,0,0,1,1,2169.16,4208.84,2,-1.175,8.25,-0.7,1
U10951,2356.63,P2P,11,Wednesday,1.778,1,4766.71,0,1325.7,507.53,2.86,18.15,73.14,1,25,11,9,37.35,0,2,0,1,14.44,11.71,0,0,2,0,4,7544.34,9104.25,1,2.027,75.95,0.777,0
U10952,2418.13,Bill Payment,16,Wednesday,1.687,7,3960.59,0,1433.54,1035.09,1.91,19.01,39.73,0,1035,8,2,7.45,0,1,0,0,35.6,40.58,0,0,0,0,8,4706.59,5416.6,2,0.95,73.98,0.686,0
U10953,469.09,Merchant,10,Sunday,0.338,1,886.47,1,1387.79,524.62,3.16,19.49,95.13,0,728,12,2,17.46,0,1,0,0,11.1,77.88,0,0,1,1,3,1733.78,4229.99,0,-1.748,10.28,-0.662,0
U10954,735.92,P2P,20,Thursday,0.707,5,3123.8,0,1040.88,457.28,3.8,19.22,5.59,0,1481,6,4,32.35,0,2,0,0,23.38,20.7,1,0,0,0,2,2055.9,6156.35,1,-0.665,33.35,-0.293,0
U10955,5906.22,P2P,2,Saturday,8.08,1,6113.36,1,730.95,423.41,3.94,16.05,100.0,0,830,6,5,41.0,0,2,0,0,20.31,30.08,1,0,3,0,3,4826.35,6505.24,3,12.194,98.49,7.071,1
U10956,924.44,Bill Payment,6,Thursday,0.571,3,1391.02,0,1619.22,917.06,4.84,16.31,100.0,0,993,10,5,28.4,0,1,0,0,26.23,67.93,0,0,0,1,4,2466.0,3657.51,3,-0.757,24.6,-0.429,1
U10957,14131.2,P2P,2,Friday,11.71,1,15054.17,1,1206.78,773.01,3.67,17.28,100.0,0,378,5,2,3.56,0,1,0,0,47.28,91.78,0,0,1,2,5,41709.08,43458.75,2,16.698,99.27,10.701,1
U10958,1497.12,P2P,16,Thursday,0.836,5,4651.48,1,1789.76,956.34,2.39,16.23,17.75,1,1,7,4,37.38,0,1,0,0,26.19,52.32,0,0,1,0,6,5036.78,7081.86,0,-0.306,41.17,-0.163,0
U10959,2255.79,P2M,5,Tuesday,1.317,1,3845.9,0,1712.33,1451.47,2.55,14.32,67.66,0,290,11,9,11.7,0,1,0,0,14.56,56.86,0,0,1,1,3,2987.9,8634.53,1,0.374,63.44,0.317,1
U10960,7555.98,Bill Payment,7,Sunday,11.939,3,9194.28,0,632.88,503.75,1.9,19.69,100.0,0,245,8,5,24.19,0,1,0,0,16.18,0.02,0,0,0,0,1,9365.44,10253.46,1,13.716,99.3,10.922,0
U10961,1710.0,P2P,20,Friday,2.717,4,2134.79,0,629.34,516.95,4.44,18.87,45.81,1,29,7,8,43.54,0,2,0,0,17.59,31.92,0,0,1,1,5,4688.01,5609.99,1,2.086,88.05,1.714,0
U10962,550.53,P2P,8,Saturday,0.645,2,1553.6,1,854.13,563.03,1.92,14.65,61.34,0,1342,8,2,16.83,0,2,0,0,9.14,4.04,0,0,0,3,4,2267.56,5308.28,3,-0.538,29.38,-0.355,0
U10963,1344.12,Recharge,3,Sunday,1.802,2,4187.07,1,746.02,494.43,3.92,17.4,100.0,0,132,3,7,34.53,0,1,0,0,27.33,34.08,0,0,1,2,6,4449.57,5551.47,2,1.207,76.43,0.801,1
U10964,1447.52,P2M,0,Tuesday,0.859,4,3390.27,0,1685.71,1088.93,3.89,17.54,100.0,1,22,8,4,59.75,1,1,0,0,23.25,10.41,1,0,0,1,6,4187.85,4396.13,3,-0.219,42.45,-0.141,0
U10965,383.17,Recharge,5,Monday,0.273,1,2833.63,0,1405.53,748.69,4.64,18.45,100.0,0,776,5,10,22.5,0,4,0,0,15.24,38.45,0,0,0,1,4,949.59,5084.28,2,-1.364,6.94,-0.727,0
U10966,1161.41,P2M,21,Friday,0.59,2,2622.19,0,1967.88,903.98,1.8,15.3,52.6,0,112,5,7,13.0,0,1,0,0,11.63,76.91,0,0,1,0,4,3251.39,7235.03,3,-0.891,25.85,-0.41,0
U10967,714.1,Merchant,13,Wednesday,0.498,3,3578.6,0,1434.39,910.55,2.31,14.62,16.88,1,26,13,11,46.44,0,1,0,0,19.11,8.79,0,0,0,3,2,1835.58,2359.99,2,-0.79,19.88,-0.502,0
U10968,3780.37,Bill Payment,23,Thursday,2.868,4,4202.34,0,1318.13,351.41,5.14,19.3,61.69,0,766,11,2,15.96,0,2,0,0,11.38,45.05,0,0,1,0,2,3415.61,5098.51,2,6.987,89.15,1.867,0
U10969,1552.83,P2P,5,Tuesday,0.754,2,2825.96,1,2058.96,524.72,3.79,14.17,75.86,0,216,6,3,6.46,0,1,1,0,25.2,5.84,1,0,1,0,3,3033.97,3336.28,2,-0.963,36.26,-0.246,0
U10970,1130.51,Recharge,8,Wednesday,0.763,3,3290.49,1,1482.45,1191.25,3.33,17.42,100.0,0,219,10,2,18.91,0,3,0,0,8.07,0.14,0,0,0,2,1,2175.57,5030.68,3,-0.295,36.78,-0.237,0
U10971,1348.89,P2M,3,Wednesday,1.09,4,1640.35,1,1237.34,346.67,4.49,17.18,100.0,0,1059,3,7,30.87,0,3,0,0,26.39,7.43,0,0,0,1,4,4246.72,7011.87,3,0.321,54.3,0.09,0
U10972,1874.96,P2P,9,Wednesday,0.803,1,1936.52,1,2336.2,1380.97,5.11,17.69,72.71,0,940,16,8,2.34,0,4,1,0,10.31,4.26,0,0,1,1,3,5613.39,7202.7,3,-0.334,39.18,-0.197,0
U10973,2779.52,P2P,13,Saturday,2.199,5,7595.24,0,1263.84,821.17,2.55,18.63,62.57,0,636,21,5,2.48,0,2,0,0,36.42,29.0,0,0,0,1,3,6957.39,10314.36,2,1.844,82.85,1.198,0
U10974,551.98,Bill Payment,19,Friday,0.527,3,2158.92,0,1046.41,396.39,5.11,22.0,47.1,0,625,8,3,17.62,1,1,0,0,13.54,8.51,0,1,0,0,3,1842.17,2180.77,3,-1.244,21.8,-0.472,1
U10975,529.34,P2P,8,Thursday,0.643,4,788.29,0,823.08,684.99,1.93,14.0,42.84,1,15,9,4,40.13,0,1,0,1,19.89,36.54,0,0,0,1,1,1544.81,3456.24,4,-0.428,29.29,-0.356,1
U10976,4527.38,P2P,18,Monday,2.75,3,6103.23,0,1646.55,615.09,5.41,20.19,50.29,0,76,9,7,10.1,0,2,0,0,6.69,2.57,0,0,0,2,2,7083.46,7292.55,1,4.676,88.31,1.749,1
U10977,993.15,P2P,15,Thursday,0.474,2,1466.74,0,2093.83,1727.27,2.16,11.72,34.19,0,817,8,2,34.12,0,1,0,0,14.49,58.5,0,0,0,1,5,2058.58,2752.65,2,-0.637,18.38,-0.525,0
U10978,363.72,P2M,7,Tuesday,0.31,1,1022.96,1,1172.99,874.98,2.56,21.48,100.0,0,564,6,6,10.37,0,1,0,0,18.86,78.5,0,0,0,0,4,2566.39,2861.48,2,-0.924,8.8,-0.689,0
U10979,2337.96,P2M,21,Wednesday,1.082,3,5566.19,0,2161.68,878.69,1.89,12.89,62.4,0,400,12,3,24.58,0,2,0,0,24.32,23.82,0,0,0,1,6,5949.5,10498.36,1,0.2,53.91,0.082,0
U10980,2384.13,P2M,10,Wednesday,4.821,4,3326.79,1,494.51,172.08,4.71,23.0,100.0,0,587,11,2,12.18,0,4,0,0,41.77,126.29,0,0,0,0,6,7351.96,10613.98,1,10.918,95.86,3.813,1
U10981,324.57,P2P,3,Monday,0.277,2,1260.71,0,1170.43,533.19,5.44,17.03,100.0,0,919,4,9,16.53,0,2,0,0,4.74,29.11,0,0,0,1,3,2038.5,2269.19,3,-1.583,7.17,-0.722,0
U10982,1886.92,P2P,23,Wednesday,1.601,3,2345.22,0,1178.54,599.49,2.69,21.23,26.84,0,461,6,6,16.02,0,2,0,1,35.56,37.31,0,0,1,2,4,5822.66,7824.5,1,1.18,71.92,0.601,0
U10983,3130.05,P2M,21,Tuesday,3.618,2,4250.2,0,865.17,354.51,2.8,20.71,59.88,1,8,14,4,55.82,0,1,0,0,20.0,3.72,0,0,0,2,3,4429.21,4662.93,1,6.371,92.89,2.615,0
U10984,2181.15,P2M,1,Saturday,0.622,5,3868.61,0,3508.05,3154.72,2.62,16.91,100.0,0,445,11,5,5.81,0,2,0,0,5.35,70.44,1,1,0,0,3,4882.18,7480.46,0,-0.42,27.89,-0.378,0
U10985,2822.0,Bill Payment,21,Sunday,2.423,1,3763.74,0,1164.78,465.07,2.12,17.1,44.59,0,1009,9,3,20.41,0,3,0,0,35.27,38.58,0,0,3,0,1,5605.92,8619.92,4,3.556,85.43,1.422,0
U10986,368.32,P2P,22,Monday,0.369,1,6034.02,2,998.84,789.0,4.65,15.91,54.49,1,17,5,9,36.95,0,4,0,0,22.96,18.47,0,0,0,2,4,1141.27,3767.41,2,-0.798,12.01,-0.631,0
U10987,2088.62,P2P,19,Friday,1.72,0,2666.97,0,1214.1,429.1,1.74,19.97,17.8,0,1380,11,1,14.23,0,1,0,0,15.48,51.81,1,0,0,0,5,5787.5,7781.66,0,2.033,74.73,0.72,0
U10988,1108.32,P2P,6,Friday,2.275,7,1683.41,0,487.27,432.29,5.37,16.94,100.0,0,845,13,5,7.66,0,1,0,0,38.26,0.02,0,0,0,3,2,3995.27,5380.56,4,1.433,83.77,1.272,1
U10989,925.59,P2M,15,Wednesday,1.086,3,2008.55,0,852.47,338.08,5.21,15.95,10.57,0,389,6,3,39.25,0,1,0,0,2.99,2.69,1,0,0,1,1,1152.36,3050.75,2,0.216,54.1,0.086,0
U10990,3582.36,P2M,12,Thursday,1.918,3,8804.61,0,1867.83,978.93,1.97,19.34,78.97,0,1146,4,5,16.22,0,3,0,0,31.18,9.61,0,0,0,1,3,5023.7,5743.38,2,1.75,78.62,0.917,0
U10991,6584.64,Recharge,14,Saturday,7.282,6,9063.96,1,904.2,554.33,3.62,15.76,100.0,0,1411,9,4,4.62,1,1,0,0,5.63,22.72,0,0,1,1,4,17259.29,19262.19,0,10.229,98.15,6.275,1
U10992,9023.53,P2M,14,Wednesday,10.919,3,9938.63,1,826.4,271.21,5.47,17.18,100.0,1,18,7,10,51.12,0,1,0,0,17.49,36.69,0,0,0,1,4,16629.94,17855.26,2,30.113,99.17,9.907,1
U10993,5586.05,P2M,15,Monday,2.582,0,6501.79,0,2163.24,1689.35,4.91,18.27,44.4,0,330,11,2,19.59,0,3,0,1,20.74,36.3,0,0,0,1,3,3131.74,3431.58,0,2.025,86.95,1.582,0
U10994,1344.11,P2M,12,Wednesday,0.613,2,1901.54,0,2193.36,939.95,4.36,16.39,52.26,1,20,6,4,45.54,0,1,0,0,14.65,1.14,0,0,0,0,0,3391.64,4007.42,4,-0.903,27.31,-0.387,0
U10995,2134.4,P2P,16,Tuesday,1.409,1,3191.18,0,1514.32,919.23,1.59,16.77,23.34,0,133,8,3,23.52,0,1,0,0,7.17,1.64,0,0,0,5,6,2112.12,5114.71,2,0.674,66.51,0.409,0
U10996,3229.37,P2M,12,Wednesday,3.303,6,4474.27,0,977.77,593.76,1.77,21.84,100.0,0,1115,8,5,8.43,0,1,0,0,12.24,70.89,0,0,0,0,5,2804.27,3138.27,1,3.786,91.59,2.3,0
U10997,1693.24,P2P,0,Tuesday,1.572,6,4091.57,0,1077.41,691.39,4.68,17.49,100.0,0,313,11,5,19.16,0,2,0,0,22.62,7.53,0,0,0,2,3,3006.87,4784.74,3,0.889,71.17,0.571,0
U10998,1709.55,P2M,0,Tuesday,2.046,4,3756.64,0,835.65,239.05,3.01,17.1,100.0,0,593,9,8,11.57,1,1,0,0,31.05,77.31,0,0,0,0,0,4267.47,5428.6,0,3.64,80.7,1.045,1
U10999,3418.56,P2P,22,Sunday,4.457,1,4446.36,2,766.96,275.8,4.17,17.56,92.93,0,1227,13,6,39.12,0,1,0,0,7.79,116.48,1,0,0,1,0,2612.42,3222.87,4,9.579,95.2,3.453,1
